"filename","obs_datetime","species_auto","conf_intvl","sucess","species_man","validator","validator_comments"
"SR2_20160702_210528_748.wav",2016-07-02 21:05:28,"Barbar",5,FALSE,"-","-","-"
"SR2_20160929_235100_000.wav",2016-09-29 23:51:00,"Barbar",7,FALSE,"-","-","-"
"SR2_20171001_194902_000.wav",2017-10-01 19:49:02,"Barbar",7,FALSE,"-","-","-"
"SR2_20170829_000539_000.wav",2017-08-29 00:05:39,"Barbar",8,FALSE,"-","-","-"
"SR2_20180307_225116_000.wav",2018-03-07 22:51:16,"Barbar",8,FALSE,"-","-","-"
"SR2_20171011_222059_000.wav",2017-10-11 22:20:59,"Barbar",8,FALSE,"-","-","-"
"SR2_20171007_201735_000.wav",2017-10-07 20:17:35,"Barbar",8,FALSE,"-","-","-"
"SR2_20170913_021040_000.wav",2017-09-13 02:10:40,"Barbar",8,FALSE,"-","-","-"
"SR2_20171001_233604_000.wav",2017-10-01 23:36:04,"Barbar",9,FALSE,"-","-","-"
"SR2_20171002_000210_000.wav",2017-10-02 00:02:10,"Barbar",9,FALSE,"-","-","-"
"SR2_20160911_201113_000.wav",2016-09-11 20:11:13,"Barbar",9,FALSE,"-","-","-"
"SR2_20160920_193835_000.wav",2016-09-20 19:38:35,"Barbar",9,FALSE,"-","-","-"
"SR2_20171002_000217_000.wav",2017-10-02 00:02:17,"Barbar",9,FALSE,"-","-","-"
"SR2_20160228_205332_948.wav",2016-02-28 20:53:32,"Barbar",9,FALSE,"-","-","-"
"SR2_20170905_225110_000.wav",2017-09-05 22:51:10,"Barbar",9,FALSE,"-","-","-"
"SR2_20180710_213244_000.wav",2018-07-10 21:32:44,"Barbar",10,FALSE,"-","-","-"
"SR2_20160915_015337_000.wav",2016-09-15 01:53:37,"Barbar",10,FALSE,"-","-","-"
"SR2_20171002_230315_000.wav",2017-10-02 23:03:15,"Barbar",10,FALSE,"-","-","-"
"SR2_20160910_020110_000.wav",2016-09-10 02:01:10,"Barbar",10,FALSE,"-","-","-"
"SR2_20171002_000204_000.wav",2017-10-02 00:02:04,"Barbar",10,FALSE,"-","-","-"
"SR2_20160929_033204_000.wav",2016-09-29 03:32:04,"Barbar",10,FALSE,"-","-","-"
"SR2_20171011_220229_000.wav",2017-10-11 22:02:29,"Barbar",10,FALSE,"-","-","-"
"SR2_20171002_044704_000.wav",2017-10-02 04:47:04,"Barbar",10,FALSE,"-","-","-"
"SR2_20160913_223614_000.wav",2016-09-13 22:36:14,"Barbar",10,FALSE,"-","-","-"
"SR2_20151013_204510_985.wav",2015-10-13 20:45:10,"Barbar",10,FALSE,"-","-","-"
"SR2_20161007_034326_000.wav",2016-10-07 03:43:26,"Barbar",10,FALSE,"-","-","-"
"SR2_20160915_015342_000.wav",2016-09-15 01:53:42,"Barbar",10,FALSE,"-","-","-"
"SR2_20171018_184053_000.wav",2017-10-18 18:40:53,"Barbar",10,FALSE,"-","-","-"
"SR2_20151029_201211_020.wav",2015-10-29 20:12:11,"Barbar",10,FALSE,"-","-","-"
"SR2_20160928_024009_000.wav",2016-09-28 02:40:09,"Barbar",10,FALSE,"-","-","-"
"SR2_20151021_210532_808.wav",2015-10-21 21:05:32,"Barbar",10,FALSE,"-","-","-"
"SR2_20161007_034737_000.wav",2016-10-07 03:47:37,"Barbar",10,FALSE,"-","-","-"
"SR2_20171026_220521_000.wav",2017-10-26 22:05:21,"Barbar",10,FALSE,"-","-","-"
"SR2_20170829_202959_000.wav",2017-08-29 20:29:59,"Barbar",10,FALSE,"-","-","-"
"SR2_20171007_201355_000.wav",2017-10-07 20:13:55,"Barbar",10,FALSE,"-","-","-"
"SR2_20170912_014043_000.wav",2017-09-12 01:40:43,"Barbar",10,FALSE,"-","-","-"
"SR2_20171014_174212_000.wav",2017-10-14 17:42:12,"Barbar",10,FALSE,"-","-","-"
"SR2_20151019_193327_507.wav",2015-10-19 19:33:27,"Barbar",10,FALSE,"-","-","-"
"SR2_20171002_230307_000.wav",2017-10-02 23:03:07,"Barbar",10,FALSE,"-","-","-"
"SR2_20171018_174701_000.wav",2017-10-18 17:47:01,"Barbar",10,FALSE,"-","-","-"
"SR2_20170823_221722_000.wav",2017-08-23 22:17:22,"Eptser",5,FALSE,"-","-","-"
"SR2_20180723_220154_000.wav",2018-07-23 22:01:54,"Eptser",5,FALSE,"-","-","-"
"SR2_20180727_222629_000.wav",2018-07-27 22:26:29,"Eptser",5,FALSE,"-","-","-"
"SR2_20160806_214553_715.wav",2016-08-06 21:45:53,"Eptser",5,FALSE,"-","-","-"
"SR2_20170903_194917_000.wav",2017-09-03 19:49:17,"Eptser",5,FALSE,"-","-","-"
"SR2_20180728_234119_000.wav",2018-07-28 23:41:19,"Eptser",5,FALSE,"-","-","-"
"SR2_20180730_024105_000.wav",2018-07-30 02:41:05,"Eptser",5,FALSE,"-","-","-"
"SR2_20180726_020558_000.wav",2018-07-26 02:05:58,"Eptser",6,FALSE,"-","-","-"
"SR2_20180722_005209_000.wav",2018-07-22 00:52:09,"Eptser",6,FALSE,"-","-","-"
"SR2_20180705_223611_000.wav",2018-07-05 22:36:11,"Eptser",6,FALSE,"-","-","-"
"SR2_20171010_191207_000.wav",2017-10-10 19:12:07,"Eptser",6,FALSE,"-","-","-"
"SR2_20180723_211942_000.wav",2018-07-23 21:19:42,"Eptser",6,FALSE,"-","-","-"
"SR2_20170821_232732_000.wav",2017-08-21 23:27:32,"Eptser",6,FALSE,"-","-","-"
"SR2_20180719_232209_000.wav",2018-07-19 23:22:09,"Eptser",7,FALSE,"-","-","-"
"SR2_20180719_002857_000.wav",2018-07-19 00:28:57,"Eptser",7,FALSE,"-","-","-"
"SR2_20180716_211659_000.wav",2018-07-16 21:16:59,"Eptser",7,FALSE,"-","-","-"
"SR2_20180723_211945_000.wav",2018-07-23 21:19:45,"Eptser",7,FALSE,"-","-","-"
"SR2_20180726_021410_000.wav",2018-07-26 02:14:10,"Eptser",8,FALSE,"-","-","-"
"SR2_20171010_191141_000.wav",2017-10-10 19:11:41,"Eptser",8,FALSE,"-","-","-"
"SR2_20180723_211950_000.wav",2018-07-23 21:19:50,"Eptser",8,FALSE,"-","-","-"
"SR2_20180722_002609_000.wav",2018-07-22 00:26:09,"Eptser",8,FALSE,"-","-","-"
"SR2_20180720_234759_000.wav",2018-07-20 23:47:59,"Eptser",8,FALSE,"-","-","-"
"SR2_20180720_210827_000.wav",2018-07-20 21:08:27,"Eptser",9,FALSE,"-","-","-"
"SR2_20180716_211704_000.wav",2018-07-16 21:17:04,"Eptser",9,FALSE,"-","-","-"
"SR2_20180724_210129_000.wav",2018-07-24 21:01:29,"Eptser",9,FALSE,"-","-","-"
"SR2_20180719_232204_000.wav",2018-07-19 23:22:04,"Eptser",9,FALSE,"-","-","-"
"SR2_20180722_002604_000.wav",2018-07-22 00:26:04,"Eptser",10,FALSE,"-","-","-"
"SR2_20180721_210644_000.wav",2018-07-21 21:06:44,"Eptser",10,FALSE,"-","-","-"
"SR2_20180717_211046_000.wav",2018-07-17 21:10:46,"Eptser",10,FALSE,"-","-","-"
"SR2_20180718_231043_000.wav",2018-07-18 23:10:43,"Eptser",10,FALSE,"-","-","-"
"SR2_20180722_003006_000.wav",2018-07-22 00:30:06,"Eptser",10,FALSE,"-","-","-"
"SR2_20180722_001758_000.wav",2018-07-22 00:17:58,"Eptser",10,FALSE,"-","-","-"
"SR2_20180722_005204_000.wav",2018-07-22 00:52:04,"Eptser",10,FALSE,"-","-","-"
"SR2_20180726_232100_000.wav",2018-07-26 23:21:00,"Eptser",10,FALSE,"-","-","-"
"SR2_20180720_235658_000.wav",2018-07-20 23:56:58,"Eptser",10,FALSE,"-","-","-"
"SR2_20180721_210640_000.wav",2018-07-21 21:06:40,"Eptser",10,FALSE,"-","-","-"
"SR2_20180719_211101_000.wav",2018-07-19 21:11:01,"Eptser",10,FALSE,"-","-","-"
"SR2_20151127_192926_405.wav",2015-11-27 19:29:26,"Myodau",5,FALSE,"-","-","-"
"SR2_20151123_181047_356.wav",2015-11-23 18:10:47,"Myodau",5,FALSE,"-","-","-"
"SR2_20160509_230733_725.wav",2016-05-09 23:07:33,"Myodau",5,FALSE,"-","-","-"
"SR2_20160404_223323_463.wav",2016-04-04 22:33:23,"Myodau",5,FALSE,"-","-","-"
"SR2_20160401_194512_419.wav",2016-04-01 19:45:12,"Myodau",5,FALSE,"-","-","-"
"SR2_20160315_040643_613.wav",2016-03-15 04:06:43,"Myodau",5,FALSE,"-","-","-"
"SR2_20180509_022811_000.wav",2018-05-09 02:28:11,"Myodau",5,FALSE,"-","-","-"
"SR2_20160309_204120_648.wav",2016-03-09 20:41:20,"Myodau",5,FALSE,"-","-","-"
"SR2_20170918_042744_000.wav",2017-09-18 04:27:44,"Myodau",5,FALSE,"-","-","-"
"SR2_20160316_001449_935.wav",2016-03-16 00:14:49,"Myodau",5,FALSE,"-","-","-"
"SR2_20161005_011145_000.wav",2016-10-05 01:11:45,"Myodau",5,FALSE,"-","-","-"
"SR2_20160127_200310_641.wav",2016-01-27 20:03:10,"Myodau",5,FALSE,"-","-","-"
"SR2_20160521_004752_188.wav",2016-05-21 00:47:52,"Myodau",5,FALSE,"-","-","-"
"SR2_20160323_214218_060.wav",2016-03-23 21:42:18,"Myodau",5,FALSE,"-","-","-"
"SR2_20160412_214904_000.wav",2016-04-12 21:49:04,"Myodau",5,FALSE,"-","-","-"
"SR2_20160315_224422_657.wav",2016-03-15 22:44:22,"Myodau",5,FALSE,"-","-","-"
"SR2_20160710_025448_161.wav",2016-07-10 02:54:48,"Myodau",5,FALSE,"-","-","-"
"SR2_20160521_004551_399.wav",2016-05-21 00:45:51,"Myodau",5,FALSE,"-","-","-"
"SR2_20160401_193611_121.wav",2016-04-01 19:36:11,"Myodau",5,FALSE,"-","-","-"
"SR2_20160725_025628_232.wav",2016-07-25 02:56:28,"Myodau",5,FALSE,"-","-","-"
"SR2_20160521_004709_080.wav",2016-05-21 00:47:09,"Myodau",5,FALSE,"-","-","-"
"SR2_20160515_001243_311.wav",2016-05-15 00:12:43,"Myodau",5,FALSE,"-","-","-"
"SR2_20151021_201924_163.wav",2015-10-21 20:19:24,"Myodau",5,FALSE,"-","-","-"
"SR2_20171027_193606_000.wav",2017-10-27 19:36:06,"Myodau",5,FALSE,"-","-","-"
"SR2_20160324_002331_728.wav",2016-03-24 00:23:31,"Myodau",5,FALSE,"-","-","-"
"SR2_20151124_172252_548.wav",2015-11-24 17:22:52,"Myodau",6,FALSE,"-","-","-"
"SR2_20160914_014133_000.wav",2016-09-14 01:41:33,"Myodau",6,FALSE,"-","-","-"
"SR2_20160221_184313_081.wav",2016-02-21 18:43:13,"Myodau",6,FALSE,"-","-","-"
"SR2_20160402_010151_307.wav",2016-04-02 01:01:51,"Myodau",6,FALSE,"-","-","-"
"SR2_20160517_034519_027.wav",2016-05-17 03:45:19,"Myodau",6,FALSE,"-","-","-"
"SR2_20160913_203819_000.wav",2016-09-13 20:38:19,"Myodau",6,FALSE,"-","-","-"
"SR2_20180713_220621_000.wav",2018-07-13 22:06:21,"Myodau",6,FALSE,"-","-","-"
"SR2_20160323_223937_084.wav",2016-03-23 22:39:37,"Myodau",6,FALSE,"-","-","-"
"SR2_20160311_214716_664.wav",2016-03-11 21:47:16,"Myodau",6,FALSE,"-","-","-"
"SR2_20151219_192727_503.wav",2015-12-19 19:27:27,"Myodau",6,FALSE,"-","-","-"
"SR2_20160314_195459_652.wav",2016-03-14 19:54:59,"Myodau",6,FALSE,"-","-","-"
"SR2_20160315_024425_968.wav",2016-03-15 02:44:25,"Myodau",6,FALSE,"-","-","-"
"SR2_20160311_233012_244.wav",2016-03-11 23:30:12,"Myodau",6,FALSE,"-","-","-"
"SR2_20160409_224546_972.wav",2016-04-09 22:45:46,"Myodau",6,FALSE,"-","-","-"
"SR2_20160508_222643_244.wav",2016-05-08 22:26:43,"Myodau",6,FALSE,"-","-","-"
"SR2_20170821_222309_000.wav",2017-08-21 22:23:09,"Myodau",6,FALSE,"-","-","-"
"SR2_20170918_192339_000.wav",2017-09-18 19:23:39,"Myodau",6,FALSE,"-","-","-"
"SR2_20180310_201829_000.wav",2018-03-10 20:18:29,"Myodau",6,FALSE,"-","-","-"
"SR2_20160505_220110_136.wav",2016-05-05 22:01:10,"Myodau",6,FALSE,"-","-","-"
"SR2_20160505_222819_300.wav",2016-05-05 22:28:19,"Myodau",6,FALSE,"-","-","-"
"SR2_20160321_010338_655.wav",2016-03-21 01:03:38,"Myodau",6,FALSE,"-","-","-"
"SR2_20160221_203115_968.wav",2016-02-21 20:31:15,"Myodau",6,FALSE,"-","-","-"
"SR2_20160323_213944_376.wav",2016-03-23 21:39:44,"Myodau",6,FALSE,"-","-","-"
"SR2_20160520_235841_428.wav",2016-05-20 23:58:41,"Myodau",6,FALSE,"-","-","-"
"SR2_20160301_233232_669.wav",2016-03-01 23:32:32,"Myodau",6,FALSE,"-","-","-"
"SR2_20170822_015234_000.wav",2017-08-22 01:52:34,"Myodau",7,FALSE,"-","-","-"
"SR2_20160521_004541_533.wav",2016-05-21 00:45:41,"Myodau",7,FALSE,"-","-","-"
"SR2_20180422_201808_000.wav",2018-04-22 20:18:08,"Myodau",7,FALSE,"-","-","-"
"SR2_20170912_190751_000.wav",2017-09-12 19:07:51,"Myodau",7,FALSE,"-","-","-"
"SR2_20151219_170739_308.wav",2015-12-19 17:07:39,"Myodau",7,FALSE,"-","-","-"
"SR2_20160627_195417_568.wav",2016-06-27 19:54:17,"Myodau",7,FALSE,"-","-","-"
"SR2_20160315_020930_221.wav",2016-03-15 02:09:30,"Myodau",7,FALSE,"-","-","-"
"SR2_20160315_024429_508.wav",2016-03-15 02:44:29,"Myodau",7,FALSE,"-","-","-"
"SR2_20170911_221502_000.wav",2017-09-11 22:15:02,"Myodau",7,FALSE,"-","-","-"
"SR2_20160311_215044_417.wav",2016-03-11 21:50:44,"Myodau",7,FALSE,"-","-","-"
"SR2_20160302_021427_049.wav",2016-03-02 02:14:27,"Myodau",7,FALSE,"-","-","-"
"SR2_20160129_211830_985.wav",2016-01-29 21:18:30,"Myodau",7,FALSE,"-","-","-"
"SR2_20160412_224504_959.wav",2016-04-12 22:45:04,"Myodau",7,FALSE,"-","-","-"
"SR2_20171009_213156_000.wav",2017-10-09 21:31:56,"Myodau",7,FALSE,"-","-","-"
"SR2_20160315_040636_392.wav",2016-03-15 04:06:36,"Myodau",7,FALSE,"-","-","-"
"SR2_20160323_214223_552.wav",2016-03-23 21:42:23,"Myodau",7,FALSE,"-","-","-"
"SR2_20160406_221332_375.wav",2016-04-06 22:13:32,"Myodau",7,FALSE,"-","-","-"
"SR2_20160205_223849_124.wav",2016-02-05 22:38:49,"Myodau",7,FALSE,"-","-","-"
"SR2_20180123_224808_000.wav",2018-01-23 22:48:08,"Myodau",7,FALSE,"-","-","-"
"SR2_20151204_204803_912.wav",2015-12-04 20:48:03,"Myodau",7,FALSE,"-","-","-"
"SR2_20170922_201853_000.wav",2017-09-22 20:18:53,"Myodau",7,FALSE,"-","-","-"
"SR2_20160324_002334_017.wav",2016-03-24 00:23:34,"Myodau",7,FALSE,"-","-","-"
"SR2_20160323_215633_991.wav",2016-03-23 21:56:33,"Myodau",7,FALSE,"-","-","-"
"SR2_20160315_203408_355.wav",2016-03-15 20:34:08,"Myodau",7,FALSE,"-","-","-"
"SR2_20170923_193328_000.wav",2017-09-23 19:33:28,"Myodau",7,FALSE,"-","-","-"
"SR2_20171031_184125_000.wav",2017-10-31 18:41:25,"Myodau",8,FALSE,"-","-","-"
"SR2_20160315_020926_245.wav",2016-03-15 02:09:26,"Myodau",8,FALSE,"-","-","-"
"SR2_20151127_192914_625.wav",2015-11-27 19:29:14,"Myodau",8,FALSE,"-","-","-"
"SR2_20160316_025200_985.wav",2016-03-16 02:52:00,"Myodau",8,FALSE,"-","-","-"
"SR2_20160920_201208_000.wav",2016-09-20 20:12:08,"Myodau",8,FALSE,"-","-","-"
"SR2_20180115_022111_000.wav",2018-01-15 02:21:11,"Myodau",8,FALSE,"-","-","-"
"SR2_20160401_193854_880.wav",2016-04-01 19:38:54,"Myodau",8,FALSE,"-","-","-"
"SR2_20160711_224009_588.wav",2016-07-11 22:40:09,"Myodau",8,FALSE,"-","-","-"
"SR2_20160309_192915_565.wav",2016-03-09 19:29:15,"Myodau",8,FALSE,"-","-","-"
"SR2_20170823_022210_000.wav",2017-08-23 02:22:10,"Myodau",8,FALSE,"-","-","-"
"SR2_20160706_230606_787.wav",2016-07-06 23:06:06,"Myodau",8,FALSE,"-","-","-"
"SR2_20160913_033501_000.wav",2016-09-13 03:35:01,"Myodau",8,FALSE,"-","-","-"
"SR2_20160327_014847_828.wav",2016-03-27 01:48:47,"Myodau",8,FALSE,"-","-","-"
"SR2_20160316_033945_181.wav",2016-03-16 03:39:45,"Myodau",8,FALSE,"-","-","-"
"SR2_20160221_201530_867.wav",2016-02-21 20:15:30,"Myodau",8,FALSE,"-","-","-"
"SR2_20160920_003318_000.wav",2016-09-20 00:33:18,"Myodau",8,FALSE,"-","-","-"
"SR2_20160323_200050_356.wav",2016-03-23 20:00:50,"Myodau",8,FALSE,"-","-","-"
"SR2_20160314_222422_035.wav",2016-03-14 22:24:22,"Myodau",8,FALSE,"-","-","-"
"SR2_20160314_230628_952.wav",2016-03-14 23:06:28,"Myodau",8,FALSE,"-","-","-"
"SR2_20171002_190642_000.wav",2017-10-02 19:06:42,"Myodau",8,FALSE,"-","-","-"
"SR2_20160311_233016_799.wav",2016-03-11 23:30:16,"Myodau",8,FALSE,"-","-","-"
"SR2_20170921_014218_000.wav",2017-09-21 01:42:18,"Myodau",8,FALSE,"-","-","-"
"SR2_20151017_034009_184.wav",2015-10-17 03:40:09,"Myodau",8,FALSE,"-","-","-"
"SR2_20170825_200020_000.wav",2017-08-25 20:00:20,"Myodau",8,FALSE,"-","-","-"
"SR2_20170910_192927_000.wav",2017-09-10 19:29:27,"Myodau",8,FALSE,"-","-","-"
"SR2_20161031_182805_000.wav",2016-10-31 18:28:05,"Myodau",9,FALSE,"-","-","-"
"SR2_20161016_203515_000.wav",2016-10-16 20:35:15,"Myodau",9,FALSE,"-","-","-"
"SR2_20160922_223016_000.wav",2016-09-22 22:30:16,"Myodau",9,FALSE,"-","-","-"
"SR2_20160924_200529_000.wav",2016-09-24 20:05:29,"Myodau",9,FALSE,"-","-","-"
"SR2_20160221_185836_708.wav",2016-02-21 18:58:36,"Myodau",9,FALSE,"-","-","-"
"SR2_20160909_010026_000.wav",2016-09-09 01:00:26,"Myodau",9,FALSE,"-","-","-"
"SR2_20170828_202223_000.wav",2017-08-28 20:22:23,"Myodau",9,FALSE,"-","-","-"
"SR2_20180508_205324_000.wav",2018-05-08 20:53:24,"Myodau",9,FALSE,"-","-","-"
"SR2_20160315_040655_511.wav",2016-03-15 04:06:55,"Myodau",9,FALSE,"-","-","-"
"SR2_20160205_195755_489.wav",2016-02-05 19:57:55,"Myodau",9,FALSE,"-","-","-"
"SR2_20160404_203722_861.wav",2016-04-04 20:37:22,"Myodau",9,FALSE,"-","-","-"
"SR2_20180416_204635_000.wav",2018-04-16 20:46:35,"Myodau",9,FALSE,"-","-","-"
"SR2_20160913_013009_000.wav",2016-09-13 01:30:09,"Myodau",9,FALSE,"-","-","-"
"SR2_20171016_180559_000.wav",2017-10-16 18:05:59,"Myodau",9,FALSE,"-","-","-"
"SR2_20160205_225632_724.wav",2016-02-05 22:56:32,"Myodau",9,FALSE,"-","-","-"
"SR2_20151127_184146_071.wav",2015-11-27 18:41:46,"Myodau",9,FALSE,"-","-","-"
"SR2_20160909_203657_000.wav",2016-09-09 20:36:57,"Myodau",9,FALSE,"-","-","-"
"SR2_20171009_213151_000.wav",2017-10-09 21:31:51,"Myodau",9,FALSE,"-","-","-"
"SR2_20170909_213408_000.wav",2017-09-09 21:34:08,"Myodau",9,FALSE,"-","-","-"
"SR2_20160221_185838_284.wav",2016-02-21 18:58:38,"Myodau",9,FALSE,"-","-","-"
"SR2_20160314_211134_112.wav",2016-03-14 21:11:34,"Myodau",9,FALSE,"-","-","-"
"SR2_20170821_004112_000.wav",2017-08-21 00:41:12,"Myodau",9,FALSE,"-","-","-"
"SR2_20170930_011452_000.wav",2017-09-30 01:14:52,"Myodau",9,FALSE,"-","-","-"
"SR2_20160917_195426_000.wav",2016-09-17 19:54:26,"Myodau",9,FALSE,"-","-","-"
"SR2_20170911_191443_000.wav",2017-09-11 19:14:43,"Myodau",9,FALSE,"-","-","-"
"SR2_20160912_205521_000.wav",2016-09-12 20:55:21,"Myodau",10,FALSE,"-","-","-"
"SR2_20160315_215810_115.wav",2016-03-15 21:58:10,"Myodau",10,FALSE,"-","-","-"
"SR2_20170923_193720_000.wav",2017-09-23 19:37:20,"Myodau",10,FALSE,"-","-","-"
"SR2_20160915_201846_000.wav",2016-09-15 20:18:46,"Myodau",10,FALSE,"-","-","-"
"SR2_20160909_215334_000.wav",2016-09-09 21:53:34,"Myodau",10,FALSE,"-","-","-"
"SR2_20160917_230202_000.wav",2016-09-17 23:02:02,"Myodau",10,FALSE,"-","-","-"
"SR2_20171122_040350_000.wav",2017-11-22 04:03:50,"Myodau",10,FALSE,"-","-","-"
"SR2_20170912_005112_000.wav",2017-09-12 00:51:12,"Myodau",10,FALSE,"-","-","-"
"SR2_20180123_225240_000.wav",2018-01-23 22:52:40,"Myodau",10,FALSE,"-","-","-"
"SR2_20171031_210317_000.wav",2017-10-31 21:03:17,"Myodau",10,FALSE,"-","-","-"
"SR2_20160323_214825_939.wav",2016-03-23 21:48:25,"Myodau",10,FALSE,"-","-","-"
"SR2_20170905_220854_000.wav",2017-09-05 22:08:54,"Myodau",10,FALSE,"-","-","-"
"SR2_20171004_202339_000.wav",2017-10-04 20:23:39,"Myodau",10,FALSE,"-","-","-"
"SR2_20161015_190229_000.wav",2016-10-15 19:02:29,"Myodau",10,FALSE,"-","-","-"
"SR2_20160628_212840_792.wav",2016-06-28 21:28:40,"Myodau",10,FALSE,"-","-","-"
"SR2_20160311_233021_799.wav",2016-03-11 23:30:21,"Myodau",10,FALSE,"-","-","-"
"SR2_20160523_021210_716.wav",2016-05-23 02:12:10,"Myodau",10,FALSE,"-","-","-"
"SR2_20171031_201603_000.wav",2017-10-31 20:16:03,"Myodau",10,FALSE,"-","-","-"
"SR2_20170903_200343_000.wav",2017-09-03 20:03:43,"Myodau",10,FALSE,"-","-","-"
"SR2_20160315_215813_881.wav",2016-03-15 21:58:13,"Myodau",10,FALSE,"-","-","-"
"SR2_20161008_191934_000.wav",2016-10-08 19:19:34,"Myodau",10,FALSE,"-","-","-"
"SR2_20171101_201650_000.wav",2017-11-01 20:16:50,"Myodau",10,FALSE,"-","-","-"
"SR2_20160127_171826_391.wav",2016-01-27 17:18:26,"Myodau",10,FALSE,"-","-","-"
"SR2_20160201_023433_316.wav",2016-02-01 02:34:33,"Myonat",5,FALSE,"-","-","-"
"SR2_20160205_231413_688.wav",2016-02-05 23:14:13,"Myonat",5,FALSE,"-","-","-"
"SR2_20160125_200711_247.wav",2016-01-25 20:07:11,"Myonat",5,FALSE,"-","-","-"
"SR2_20160125_200750_704.wav",2016-01-25 20:07:50,"Myonat",5,FALSE,"-","-","-"
"SR2_20160704_230917_375.wav",2016-07-04 23:09:17,"Myonat",5,FALSE,"-","-","-"
"SR2_20160315_232537_449.wav",2016-03-15 23:25:37,"Myonat",5,FALSE,"-","-","-"
"SR2_20160405_232019_345.wav",2016-04-05 23:20:19,"Myonat",5,FALSE,"-","-","-"
"SR2_20170914_033159_000.wav",2017-09-14 03:31:59,"Myonat",5,FALSE,"-","-","-"
"SR2_20160125_200931_145.wav",2016-01-25 20:09:31,"Myonat",5,FALSE,"-","-","-"
"SR2_20160319_212618_167.wav",2016-03-19 21:26:18,"Myonat",5,FALSE,"-","-","-"
"SR2_20161028_024231_000.wav",2016-10-28 02:42:31,"Myonat",5,FALSE,"-","-","-"
"SR2_20151228_201445_813.wav",2015-12-28 20:14:45,"Myonat",5,FALSE,"-","-","-"
"SR2_20160228_214553_977.wav",2016-02-28 21:45:53,"Myonat",5,FALSE,"-","-","-"
"SR2_20151219_201058_780.wav",2015-12-19 20:10:58,"Myonat",5,FALSE,"-","-","-"
"SR2_20160206_205314_479.wav",2016-02-06 20:53:14,"Myonat",5,FALSE,"-","-","-"
"SR2_20160311_231920_096.wav",2016-03-11 23:19:20,"Myonat",5,FALSE,"-","-","-"
"SR2_20160408_212448_153.wav",2016-04-08 21:24:48,"Myonat",5,FALSE,"-","-","-"
"SR2_20160909_203117_000.wav",2016-09-09 20:31:17,"Myonat",6,FALSE,"-","-","-"
"SR2_20160125_185005_229.wav",2016-01-25 18:50:05,"Myonat",6,FALSE,"-","-","-"
"SR2_20160125_181536_827.wav",2016-01-25 18:15:36,"Myonat",6,FALSE,"-","-","-"
"SR2_20160401_200617_320.wav",2016-04-01 20:06:17,"Myonat",6,FALSE,"-","-","-"
"SR2_20151203_164608_333.wav",2015-12-03 16:46:08,"Myonat",6,FALSE,"-","-","-"
"SR2_20160502_224522_521.wav",2016-05-02 22:45:22,"Myonat",6,FALSE,"-","-","-"
"SR2_20161101_203705_000.wav",2016-11-01 20:37:05,"Myonat",6,FALSE,"-","-","-"
"SR2_20160406_230542_284.wav",2016-04-06 23:05:42,"Myonat",6,FALSE,"-","-","-"
"SR2_20160406_232402_895.wav",2016-04-06 23:24:02,"Myonat",6,FALSE,"-","-","-"
"SR2_20160309_232455_905.wav",2016-03-09 23:24:55,"Myonat",6,FALSE,"-","-","-"
"SR2_20160228_210218_075.wav",2016-02-28 21:02:18,"Myonat",6,FALSE,"-","-","-"
"SR2_20180423_214913_000.wav",2018-04-23 21:49:13,"Myonat",6,FALSE,"-","-","-"
"SR2_20151219_201102_911.wav",2015-12-19 20:11:02,"Myonat",6,FALSE,"-","-","-"
"SR2_20160922_003153_000.wav",2016-09-22 00:31:53,"Myonat",6,FALSE,"-","-","-"
"SR2_20160129_193347_492.wav",2016-01-29 19:33:47,"Myonat",6,FALSE,"-","-","-"
"SR2_20160312_031055_111.wav",2016-03-12 03:10:55,"Myonat",6,FALSE,"-","-","-"
"SR2_20160514_234745_943.wav",2016-05-14 23:47:45,"Myonat",6,FALSE,"-","-","-"
"SR2_20180504_204237_000.wav",2018-05-04 20:42:37,"Myonat",6,FALSE,"-","-","-"
"SR2_20160308_225340_421.wav",2016-03-08 22:53:40,"Myonat",6,FALSE,"-","-","-"
"SR2_20160221_185723_565.wav",2016-02-21 18:57:23,"Myonat",6,FALSE,"-","-","-"
"SR2_20151112_211118_327.wav",2015-11-12 21:11:18,"Myonat",6,FALSE,"-","-","-"
"SR2_20160127_202705_400.wav",2016-01-27 20:27:05,"Myonat",6,FALSE,"-","-","-"
"SR2_20160201_054524_581.wav",2016-02-01 05:45:24,"Myonat",6,FALSE,"-","-","-"
"SR2_20180512_210732_000.wav",2018-05-12 21:07:32,"Myonat",6,FALSE,"-","-","-"
"SR2_20160127_213104_000.wav",2016-01-27 21:31:04,"Myonat",6,FALSE,"-","-","-"
"SR2_20151222_181456_259.wav",2015-12-22 18:14:56,"Myonat",7,FALSE,"-","-","-"
"SR2_20160125_184719_817.wav",2016-01-25 18:47:19,"Myonat",7,FALSE,"-","-","-"
"SR2_20160228_205311_544.wav",2016-02-28 20:53:11,"Myonat",7,FALSE,"-","-","-"
"SR2_20160125_183600_599.wav",2016-01-25 18:36:00,"Myonat",7,FALSE,"-","-","-"
"SR2_20160221_222420_595.wav",2016-02-21 22:24:20,"Myonat",7,FALSE,"-","-","-"
"SR2_20160301_191828_472.wav",2016-03-01 19:18:28,"Myonat",7,FALSE,"-","-","-"
"SR2_20160129_213432_204.wav",2016-01-29 21:34:32,"Myonat",7,FALSE,"-","-","-"
"SR2_20160308_211726_907.wav",2016-03-08 21:17:26,"Myonat",7,FALSE,"-","-","-"
"SR2_20151228_200603_899.wav",2015-12-28 20:06:03,"Myonat",7,FALSE,"-","-","-"
"SR2_20160523_221649_449.wav",2016-05-23 22:16:49,"Myonat",7,FALSE,"-","-","-"
"SR2_20160228_214550_060.wav",2016-02-28 21:45:50,"Myonat",7,FALSE,"-","-","-"
"SR2_20151228_200439_460.wav",2015-12-28 20:04:39,"Myonat",7,FALSE,"-","-","-"
"SR2_20180512_211658_000.wav",2018-05-12 21:16:58,"Myonat",7,FALSE,"-","-","-"
"SR2_20160502_034600_480.wav",2016-05-02 03:46:00,"Myonat",7,FALSE,"-","-","-"
"SR2_20151016_234032_579.wav",2015-10-16 23:40:32,"Myonat",7,FALSE,"-","-","-"
"SR2_20180123_211029_000.wav",2018-01-23 21:10:29,"Myonat",7,FALSE,"-","-","-"
"SR2_20160123_181203_497.wav",2016-01-23 18:12:03,"Myonat",7,FALSE,"-","-","-"
"SR2_20160712_234304_577.wav",2016-07-12 23:43:04,"Myonat",7,FALSE,"-","-","-"
"SR2_20160221_194256_355.wav",2016-02-21 19:42:56,"Myonat",7,FALSE,"-","-","-"
"SR2_20160315_220641_749.wav",2016-03-15 22:06:41,"Myonat",7,FALSE,"-","-","-"
"SR2_20160327_200222_543.wav",2016-03-27 20:02:22,"Myonat",8,FALSE,"-","-","-"
"SR2_20160407_224754_249.wav",2016-04-07 22:47:54,"Myonat",8,FALSE,"-","-","-"
"SR2_20160704_235220_241.wav",2016-07-04 23:52:20,"Myonat",8,FALSE,"-","-","-"
"SR2_20160308_224857_140.wav",2016-03-08 22:48:57,"Myonat",8,FALSE,"-","-","-"
"SR2_20160125_185003_571.wav",2016-01-25 18:50:03,"Myonat",8,FALSE,"-","-","-"
"SR2_20160324_012659_993.wav",2016-03-24 01:26:59,"Myonat",8,FALSE,"-","-","-"
"SR2_20151204_183407_719.wav",2015-12-04 18:34:07,"Myonat",8,FALSE,"-","-","-"
"SR2_20160523_033704_783.wav",2016-05-23 03:37:04,"Myonat",8,FALSE,"-","-","-"
"SR2_20160123_232712_596.wav",2016-01-23 23:27:12,"Myonat",8,FALSE,"-","-","-"
"SR2_20171020_001625_000.wav",2017-10-20 00:16:25,"Myonat",8,FALSE,"-","-","-"
"SR2_20171020_190442_000.wav",2017-10-20 19:04:42,"Myonat",8,FALSE,"-","-","-"
"SR2_20160314_202504_095.wav",2016-03-14 20:25:04,"Myonat",8,FALSE,"-","-","-"
"SR2_20160515_024624_513.wav",2016-05-15 02:46:24,"Myonat",8,FALSE,"-","-","-"
"SR2_20160508_222550_816.wav",2016-05-08 22:25:50,"Myonat",8,FALSE,"-","-","-"
"SR2_20160201_003653_752.wav",2016-02-01 00:36:53,"Myonat",8,FALSE,"-","-","-"
"SR2_20160507_005321_773.wav",2016-05-07 00:53:21,"Myonat",8,FALSE,"-","-","-"
"SR2_20151225_184002_373.wav",2015-12-25 18:40:02,"Myonat",8,FALSE,"-","-","-"
"SR2_20151219_170742_009.wav",2015-12-19 17:07:42,"Myonat",8,FALSE,"-","-","-"
"SR2_20160913_012932_000.wav",2016-09-13 01:29:32,"Myonat",8,FALSE,"-","-","-"
"SR2_20160909_010746_000.wav",2016-09-09 01:07:46,"Myonat",8,FALSE,"-","-","-"
"SR2_20160127_200305_849.wav",2016-01-27 20:03:05,"Myonat",8,FALSE,"-","-","-"
"SR2_20160319_214629_104.wav",2016-03-19 21:46:29,"Myonat",8,FALSE,"-","-","-"
"SR2_20151024_030148_699.wav",2015-10-24 03:01:48,"Myonat",8,FALSE,"-","-","-"
"SR2_20160518_013828_577.wav",2016-05-18 01:38:28,"Myonat",8,FALSE,"-","-","-"
"SR2_20171123_173452_000.wav",2017-11-23 17:34:52,"Myonat",8,FALSE,"-","-","-"
"SR2_20160205_215426_760.wav",2016-02-05 21:54:26,"Myonat",9,FALSE,"-","-","-"
"SR2_20171122_044001_000.wav",2017-11-22 04:40:01,"Myonat",9,FALSE,"-","-","-"
"SR2_20160520_235836_521.wav",2016-05-20 23:58:36,"Myonat",9,FALSE,"-","-","-"
"SR2_20160406_195934_017.wav",2016-04-06 19:59:34,"Myonat",9,FALSE,"-","-","-"
"SR2_20160726_031019_861.wav",2016-07-26 03:10:19,"Myonat",9,FALSE,"-","-","-"
"SR2_20151013_010234_428.wav",2015-10-13 01:02:34,"Myonat",9,FALSE,"-","-","-"
"SR2_20160125_192416_632.wav",2016-01-25 19:24:16,"Myonat",9,FALSE,"-","-","-"
"SR2_20160205_223959_185.wav",2016-02-05 22:39:59,"Myonat",9,FALSE,"-","-","-"
"SR2_20160324_022819_645.wav",2016-03-24 02:28:19,"Myonat",9,FALSE,"-","-","-"
"SR2_20151021_042750_155.wav",2015-10-21 04:27:50,"Myonat",9,FALSE,"-","-","-"
"SR2_20151127_192922_600.wav",2015-11-27 19:29:22,"Myonat",9,FALSE,"-","-","-"
"SR2_20151222_183909_051.wav",2015-12-22 18:39:09,"Myonat",9,FALSE,"-","-","-"
"SR2_20171016_042031_000.wav",2017-10-16 04:20:31,"Myonat",9,FALSE,"-","-","-"
"SR2_20160205_223753_624.wav",2016-02-05 22:37:53,"Myonat",9,FALSE,"-","-","-"
"SR2_20160221_222438_228.wav",2016-02-21 22:24:38,"Myonat",9,FALSE,"-","-","-"
"SR2_20160205_215552_945.wav",2016-02-05 21:55:52,"Myonat",9,FALSE,"-","-","-"
"SR2_20151013_013607_939.wav",2015-10-13 01:36:07,"Myonat",9,FALSE,"-","-","-"
"SR2_20171101_000930_000.wav",2017-11-01 00:09:30,"Myonat",9,FALSE,"-","-","-"
"SR2_20161107_190243_000.wav",2016-11-07 19:02:43,"Myonat",9,FALSE,"-","-","-"
"SR2_20160301_231430_693.wav",2016-03-01 23:14:30,"Myonat",9,FALSE,"-","-","-"
"SR2_20160807_222102_999.wav",2016-08-07 22:21:02,"Myonat",9,FALSE,"-","-","-"
"SR2_20160628_212850_792.wav",2016-06-28 21:28:50,"Myonat",9,FALSE,"-","-","-"
"SR2_20161029_221636_000.wav",2016-10-29 22:16:36,"Myonat",9,FALSE,"-","-","-"
"SR2_20160514_003100_953.wav",2016-05-14 00:31:00,"Myonat",9,FALSE,"-","-","-"
"SR2_20151127_180354_288.wav",2015-11-27 18:03:54,"Myonat",9,FALSE,"-","-","-"
"SR2_20160407_195052_235.wav",2016-04-07 19:50:52,"Myonat",10,FALSE,"-","-","-"
"SR2_20160504_001619_387.wav",2016-05-04 00:16:19,"Myonat",10,FALSE,"-","-","-"
"SR2_20180720_232958_000.wav",2018-07-20 23:29:58,"Myonat",10,FALSE,"-","-","-"
"SR2_20160521_015542_671.wav",2016-05-21 01:55:42,"Myonat",10,FALSE,"-","-","-"
"SR2_20171126_203437_000.wav",2017-11-26 20:34:37,"Myonat",10,FALSE,"-","-","-"
"SR2_20180721_003700_000.wav",2018-07-21 00:37:00,"Myonat",10,FALSE,"-","-","-"
"SR2_20151128_185811_761.wav",2015-11-28 18:58:11,"Myonat",10,FALSE,"-","-","-"
"SR2_20160520_001823_988.wav",2016-05-20 00:18:23,"Myonat",10,FALSE,"-","-","-"
"SR2_20160628_212900_792.wav",2016-06-28 21:29:00,"Myonat",10,FALSE,"-","-","-"
"SR2_20160802_230848_905.wav",2016-08-02 23:08:48,"Myonat",10,FALSE,"-","-","-"
"SR2_20160324_022811_320.wav",2016-03-24 02:28:11,"Myonat",10,FALSE,"-","-","-"
"SR2_20151016_232314_111.wav",2015-10-16 23:23:14,"Myonat",10,FALSE,"-","-","-"
"SR2_20180717_233337_000.wav",2018-07-17 23:33:37,"Myonat",10,FALSE,"-","-","-"
"SR2_20180717_012129_000.wav",2018-07-17 01:21:29,"Myonat",10,FALSE,"-","-","-"
"SR2_20151015_215735_311.wav",2015-10-15 21:57:35,"Myonat",10,FALSE,"-","-","-"
"SR2_20180722_000446_000.wav",2018-07-22 00:04:46,"Myonat",10,FALSE,"-","-","-"
"SR2_20160410_202955_304.wav",2016-04-10 20:29:55,"Myonat",10,FALSE,"-","-","-"
"SR2_20160205_231534_892.wav",2016-02-05 23:15:34,"Myonat",10,FALSE,"-","-","-"
"SR2_20160327_200303_801.wav",2016-03-27 20:03:03,"Myonat",10,FALSE,"-","-","-"
"SR2_20160510_235942_585.wav",2016-05-10 23:59:42,"Myonat",10,FALSE,"-","-","-"
"SR2_20151219_180758_752.wav",2015-12-19 18:07:58,"Myonat",10,FALSE,"-","-","-"
"SR2_20180722_223805_000.wav",2018-07-22 22:38:05,"Myonat",10,FALSE,"-","-","-"
"SR2_20180716_223438_000.wav",2018-07-16 22:34:38,"Myonat",10,FALSE,"-","-","-"
"SR2_20161016_203508_000.wav",2016-10-16 20:35:08,"Myonat",10,FALSE,"-","-","-"
"SR2_20160519_215332_368.wav",2016-05-19 21:53:32,"Myonat",10,FALSE,"-","-","-"
"SR2_20170827_002451_000.wav",2017-08-27 00:24:51,"Nyclei",8,FALSE,"-","-","-"
"SR2_20160729_032419_237.wav",2016-07-29 03:24:19,"Nycnoc",5,FALSE,"-","-","-"
"SR2_20180711_213551_000.wav",2018-07-11 21:35:51,"Nycnoc",6,FALSE,"-","-","-"
"SR2_20180726_035747_000.wav",2018-07-26 03:57:47,"Nycnoc",6,FALSE,"-","-","-"
"SR2_20160517_234601_297.wav",2016-05-17 23:46:01,"Nycnoc",6,FALSE,"-","-","-"
"SR2_20180723_212036_000.wav",2018-07-23 21:20:36,"Nycnoc",6,FALSE,"-","-","-"
"SR2_20170830_190842_000.wav",2017-08-30 19:08:42,"Nycnoc",6,FALSE,"-","-","-"
"SR2_20180723_234237_000.wav",2018-07-23 23:42:37,"Nycnoc",6,FALSE,"-","-","-"
"SR2_20161022_202147_000.wav",2016-10-22 20:21:47,"Nycnoc",6,FALSE,"-","-","-"
"SR2_20170903_194912_000.wav",2017-09-03 19:49:12,"Nycnoc",6,FALSE,"-","-","-"
"SR2_20170922_191321_000.wav",2017-09-22 19:13:21,"Nycnoc",6,FALSE,"-","-","-"
"SR2_20170830_191126_000.wav",2017-08-30 19:11:26,"Nycnoc",6,FALSE,"-","-","-"
"SR2_20170906_201052_000.wav",2017-09-06 20:10:52,"Nycnoc",6,FALSE,"-","-","-"
"SR2_20180715_205307_000.wav",2018-07-15 20:53:07,"Nycnoc",6,FALSE,"-","-","-"
"SR2_20180709_012148_000.wav",2018-07-09 01:21:48,"Nycnoc",6,FALSE,"-","-","-"
"SR2_20170929_172319_000.wav",2017-09-29 17:23:19,"Nycnoc",6,FALSE,"-","-","-"
"SR2_20160727_223442_447.wav",2016-07-27 22:34:42,"Nycnoc",6,FALSE,"-","-","-"
"SR2_20171014_171631_000.wav",2017-10-14 17:16:31,"Nycnoc",7,FALSE,"-","-","-"
"SR2_20171015_171536_000.wav",2017-10-15 17:15:36,"Nycnoc",7,FALSE,"-","-","-"
"SR2_20170830_190659_000.wav",2017-08-30 19:06:59,"Nycnoc",7,FALSE,"-","-","-"
"SR2_20170928_175802_000.wav",2017-09-28 17:58:02,"Nycnoc",7,FALSE,"-","-","-"
"SR2_20160909_194549_000.wav",2016-09-09 19:45:49,"Nycnoc",7,FALSE,"-","-","-"
"SR2_20180728_203902_000.wav",2018-07-28 20:39:02,"Nycnoc",7,FALSE,"-","-","-"
"SR2_20171031_190813_000.wav",2017-10-31 19:08:13,"Nycnoc",7,FALSE,"-","-","-"
"SR2_20160709_215531_037.wav",2016-07-09 21:55:31,"Nycnoc",7,FALSE,"-","-","-"
"SR2_20160806_212535_061.wav",2016-08-06 21:25:35,"Nycnoc",7,FALSE,"-","-","-"
"SR2_20180726_021415_000.wav",2018-07-26 02:14:15,"Nycnoc",7,FALSE,"-","-","-"
"SR2_20170823_200917_000.wav",2017-08-23 20:09:17,"Nycnoc",7,FALSE,"-","-","-"
"SR2_20160518_232707_324.wav",2016-05-18 23:27:07,"Nycnoc",7,FALSE,"-","-","-"
"SR2_20180721_023526_000.wav",2018-07-21 02:35:26,"Nycnoc",7,FALSE,"-","-","-"
"SR2_20180714_214952_000.wav",2018-07-14 21:49:52,"Nycnoc",7,FALSE,"-","-","-"
"SR2_20170928_182937_000.wav",2017-09-28 18:29:37,"Nycnoc",7,FALSE,"-","-","-"
"SR2_20170802_201700_000.wav",2017-08-02 20:17:00,"Nycnoc",7,FALSE,"-","-","-"
"SR2_20170821_201222_000.wav",2017-08-21 20:12:22,"Nycnoc",8,FALSE,"-","-","-"
"SR2_20180713_214204_000.wav",2018-07-13 21:42:04,"Nycnoc",8,FALSE,"-","-","-"
"SR2_20160806_214254_856.wav",2016-08-06 21:42:54,"Nycnoc",8,FALSE,"-","-","-"
"SR2_20170906_204115_000.wav",2017-09-06 20:41:15,"Nycnoc",8,FALSE,"-","-","-"
"SR2_20170901_201041_000.wav",2017-09-01 20:10:41,"Nycnoc",8,FALSE,"-","-","-"
"SR2_20160726_001814_047.wav",2016-07-26 00:18:14,"Nycnoc",8,FALSE,"-","-","-"
"SR2_20160704_021227_807.wav",2016-07-04 02:12:27,"Nycnoc",8,FALSE,"-","-","-"
"SR2_20170929_184808_000.wav",2017-09-29 18:48:08,"Nycnoc",8,FALSE,"-","-","-"
"SR2_20180720_230006_000.wav",2018-07-20 23:00:06,"Nycnoc",8,FALSE,"-","-","-"
"SR2_20160727_223446_905.wav",2016-07-27 22:34:46,"Nycnoc",8,FALSE,"-","-","-"
"SR2_20170904_191759_000.wav",2017-09-04 19:17:59,"Nycnoc",8,FALSE,"-","-","-"
"SR2_20161011_181637_000.wav",2016-10-11 18:16:37,"Nycnoc",8,FALSE,"-","-","-"
"SR2_20170905_185208_000.wav",2017-09-05 18:52:08,"Nycnoc",8,FALSE,"-","-","-"
"SR2_20170901_201047_000.wav",2017-09-01 20:10:47,"Nycnoc",8,FALSE,"-","-","-"
"SR2_20180709_012141_000.wav",2018-07-09 01:21:41,"Nycnoc",8,FALSE,"-","-","-"
"SR2_20170905_185200_000.wav",2017-09-05 18:52:00,"Nycnoc",8,FALSE,"-","-","-"
"SR2_20180727_013455_000.wav",2018-07-27 01:34:55,"Nycnoc",8,FALSE,"-","-","-"
"SR2_20180721_004539_000.wav",2018-07-21 00:45:39,"Nycnoc",8,FALSE,"-","-","-"
"SR2_20160711_215946_325.wav",2016-07-11 21:59:46,"Nycnoc",8,FALSE,"-","-","-"
"SR2_20170830_190644_000.wav",2017-08-30 19:06:44,"Nycnoc",8,FALSE,"-","-","-"
"SR2_20180717_224258_000.wav",2018-07-17 22:42:58,"Nycnoc",9,FALSE,"-","-","-"
"SR2_20180723_212031_000.wav",2018-07-23 21:20:31,"Nycnoc",9,FALSE,"-","-","-"
"SR2_20160917_193831_000.wav",2016-09-17 19:38:31,"Nycnoc",9,FALSE,"-","-","-"
"SR2_20171014_171722_000.wav",2017-10-14 17:17:22,"Nycnoc",9,FALSE,"-","-","-"
"SR2_20180716_222837_000.wav",2018-07-16 22:28:37,"Nycnoc",9,FALSE,"-","-","-"
"SR2_20160729_025612_896.wav",2016-07-29 02:56:12,"Nycnoc",9,FALSE,"-","-","-"
"SR2_20180716_222829_000.wav",2018-07-16 22:28:29,"Nycnoc",9,FALSE,"-","-","-"
"SR2_20180715_025617_000.wav",2018-07-15 02:56:17,"Nycnoc",9,FALSE,"-","-","-"
"SR2_20180728_205533_000.wav",2018-07-28 20:55:33,"Nycnoc",9,FALSE,"-","-","-"
"SR2_20160909_194544_000.wav",2016-09-09 19:45:44,"Nycnoc",9,FALSE,"-","-","-"
"SR2_20171014_171217_000.wav",2017-10-14 17:12:17,"Nycnoc",9,FALSE,"-","-","-"
"SR2_20170901_194509_000.wav",2017-09-01 19:45:09,"Nycnoc",9,FALSE,"-","-","-"
"SR2_20180720_021121_000.wav",2018-07-20 02:11:21,"Nycnoc",9,FALSE,"-","-","-"
"SR2_20180713_002213_000.wav",2018-07-13 00:22:13,"Nycnoc",9,FALSE,"-","-","-"
"SR2_20170822_194952_000.wav",2017-08-22 19:49:52,"Nycnoc",9,FALSE,"-","-","-"
"SR2_20180719_205541_000.wav",2018-07-19 20:55:41,"Nycnoc",9,FALSE,"-","-","-"
"SR2_20180721_223640_000.wav",2018-07-21 22:36:40,"Nycnoc",9,FALSE,"-","-","-"
"SR2_20160922_190856_000.wav",2016-09-22 19:08:56,"Nycnoc",9,FALSE,"-","-","-"
"SR2_20180707_230534_000.wav",2018-07-07 23:05:34,"Nycnoc",9,FALSE,"-","-","-"
"SR2_20180713_214211_000.wav",2018-07-13 21:42:11,"Nycnoc",9,FALSE,"-","-","-"
"SR2_20170830_195044_000.wav",2017-08-30 19:50:44,"Nycnoc",9,FALSE,"-","-","-"
"SR2_20170906_192150_000.wav",2017-09-06 19:21:50,"Nycnoc",9,FALSE,"-","-","-"
"SR2_20160730_234214_329.wav",2016-07-30 23:42:14,"Nycnoc",9,FALSE,"-","-","-"
"SR2_20170826_202921_000.wav",2017-08-26 20:29:21,"Nycnoc",9,FALSE,"-","-","-"
"SR2_20171015_171751_000.wav",2017-10-15 17:17:51,"Nycnoc",9,FALSE,"-","-","-"
"SR2_20180723_211434_000.wav",2018-07-23 21:14:34,"Nycnoc",10,FALSE,"-","-","-"
"SR2_20180715_025620_000.wav",2018-07-15 02:56:20,"Nycnoc",10,FALSE,"-","-","-"
"SR2_20171014_171948_000.wav",2017-10-14 17:19:48,"Nycnoc",10,FALSE,"-","-","-"
"SR2_20180726_223042_000.wav",2018-07-26 22:30:42,"Nycnoc",10,FALSE,"-","-","-"
"SR2_20180722_211713_000.wav",2018-07-22 21:17:13,"Nycnoc",10,FALSE,"-","-","-"
"SR2_20180716_210825_000.wav",2018-07-16 21:08:25,"Nycnoc",10,FALSE,"-","-","-"
"SR2_20151021_185726_875.wav",2015-10-21 18:57:26,"Nycnoc",10,FALSE,"-","-","-"
"SR2_20171014_171730_000.wav",2017-10-14 17:17:30,"Nycnoc",10,FALSE,"-","-","-"
"SR2_20180722_211345_000.wav",2018-07-22 21:13:45,"Nycnoc",10,FALSE,"-","-","-"
"SR2_20180719_205532_000.wav",2018-07-19 20:55:32,"Nycnoc",10,FALSE,"-","-","-"
"SR2_20170823_211419_000.wav",2017-08-23 21:14:19,"Nycnoc",10,FALSE,"-","-","-"
"SR2_20180728_203857_000.wav",2018-07-28 20:38:57,"Nycnoc",10,FALSE,"-","-","-"
"SR2_20180723_211122_000.wav",2018-07-23 21:11:22,"Nycnoc",10,FALSE,"-","-","-"
"SR2_20160908_200337_000.wav",2016-09-08 20:03:37,"Nycnoc",10,FALSE,"-","-","-"
"SR2_20180719_231435_000.wav",2018-07-19 23:14:35,"Nycnoc",10,FALSE,"-","-","-"
"SR2_20171018_174947_000.wav",2017-10-18 17:49:47,"Nycnoc",10,FALSE,"-","-","-"
"SR2_20170904_191804_000.wav",2017-09-04 19:18:04,"Nycnoc",10,FALSE,"-","-","-"
"SR2_20170913_190651_000.wav",2017-09-13 19:06:51,"Nycnoc",10,FALSE,"-","-","-"
"SR2_20171015_171756_000.wav",2017-10-15 17:17:56,"Nycnoc",10,FALSE,"-","-","-"
"SR2_20151021_193122_964.wav",2015-10-21 19:31:22,"Nycnoc",10,FALSE,"-","-","-"
"SR2_20180722_211720_000.wav",2018-07-22 21:17:20,"Nycnoc",10,FALSE,"-","-","-"
"SR2_20171014_171439_000.wav",2017-10-14 17:14:39,"Nycnoc",10,FALSE,"-","-","-"
"SR2_20180723_211420_000.wav",2018-07-23 21:14:20,"Nycnoc",10,FALSE,"-","-","-"
"SR2_20180723_211318_000.wav",2018-07-23 21:13:18,"Nycnoc",10,FALSE,"-","-","-"
"SR2_20180722_211622_000.wav",2018-07-22 21:16:22,"Nycnoc",10,FALSE,"-","-","-"
"SR2_20171024_195003_000.wav",2017-10-24 19:50:03,"Pipnat",5,FALSE,"-","-","-"
"SR2_20180712_232911_000.wav",2018-07-12 23:29:11,"Pipnat",6,FALSE,"-","-","-"
"SR2_20171008_183607_000.wav",2017-10-08 18:36:07,"Pipnat",6,FALSE,"-","-","-"
"SR2_20180720_222656_000.wav",2018-07-20 22:26:56,"Pipnat",6,FALSE,"-","-","-"
"SR2_20180727_204626_000.wav",2018-07-27 20:46:26,"Pipnat",6,FALSE,"-","-","-"
"SR2_20180419_215054_000.wav",2018-04-19 21:50:54,"Pipnat",6,FALSE,"-","-","-"
"SR2_20151018_215519_929.wav",2015-10-18 21:55:19,"Pipnat",6,FALSE,"-","-","-"
"SR2_20160921_224312_000.wav",2016-09-21 22:43:12,"Pipnat",7,FALSE,"-","-","-"
"SR2_20160910_213730_000.wav",2016-09-10 21:37:30,"Pipnat",7,FALSE,"-","-","-"
"SR2_20170920_230439_000.wav",2017-09-20 23:04:39,"Pipnat",7,FALSE,"-","-","-"
"SR2_20180504_234958_000.wav",2018-05-04 23:49:58,"Pipnat",7,FALSE,"-","-","-"
"SR2_20160908_203952_000.wav",2016-09-08 20:39:52,"Pipnat",7,FALSE,"-","-","-"
"SR2_20171002_234025_000.wav",2017-10-02 23:40:25,"Pipnat",8,FALSE,"-","-","-"
"SR2_20170928_205420_000.wav",2017-09-28 20:54:20,"Pipnat",8,FALSE,"-","-","-"
"SR2_20160609_205024_077.wav",2016-06-09 20:50:24,"Pipnat",8,FALSE,"-","-","-"
"SR2_20180711_220848_000.wav",2018-07-11 22:08:48,"Pipnat",8,FALSE,"-","-","-"
"SR2_20151019_231405_596.wav",2015-10-19 23:14:05,"Pipnat",8,FALSE,"-","-","-"
"SR2_20180417_200831_000.wav",2018-04-17 20:08:31,"Pipnat",8,FALSE,"-","-","-"
"SR2_20160609_225039_580.wav",2016-06-09 22:50:39,"Pipnat",8,FALSE,"-","-","-"
"SR2_20160916_041349_000.wav",2016-09-16 04:13:49,"Pipnat",8,FALSE,"-","-","-"
"SR2_20160922_050356_000.wav",2016-09-22 05:03:56,"Pipnat",8,FALSE,"-","-","-"
"SR2_20160607_220456_368.wav",2016-06-07 22:04:56,"Pipnat",8,FALSE,"-","-","-"
"SR2_20180705_214314_000.wav",2018-07-05 21:43:14,"Pipnat",9,FALSE,"-","-","-"
"SR2_20180714_002138_000.wav",2018-07-14 00:21:38,"Pipnat",9,FALSE,"-","-","-"
"SR2_20180716_023050_000.wav",2018-07-16 02:30:50,"Pipnat",9,FALSE,"-","-","-"
"SR2_20160711_224629_580.wav",2016-07-11 22:46:29,"Pipnat",9,FALSE,"-","-","-"
"SR2_20160916_001836_000.wav",2016-09-16 00:18:36,"Pipnat",9,FALSE,"-","-","-"
"SR2_20160620_210235_347.wav",2016-06-20 21:02:35,"Pippip",5,FALSE,"-","-","-"
"SR2_20160426_215600_252.wav",2016-04-26 21:56:00,"Pippip",5,FALSE,"-","-","-"
"SR2_20160710_231929_313.wav",2016-07-10 23:19:29,"Pippip",5,FALSE,"-","-","-"
"SR2_20180715_224944_000.wav",2018-07-15 22:49:44,"Pippip",5,FALSE,"-","-","-"
"SR2_20180711_221439_000.wav",2018-07-11 22:14:39,"Pippip",5,FALSE,"-","-","-"
"SR2_20151029_190301_267.wav",2015-10-29 19:03:01,"Pippip",5,FALSE,"-","-","-"
"SR2_20171012_174254_000.wav",2017-10-12 17:42:54,"Pippip",5,FALSE,"-","-","-"
"SR2_20160910_024652_000.wav",2016-09-10 02:46:52,"Pippip",5,FALSE,"-","-","-"
"SR2_20180725_221020_000.wav",2018-07-25 22:10:20,"Pippip",5,FALSE,"-","-","-"
"SR2_20180718_221647_000.wav",2018-07-18 22:16:47,"Pippip",5,FALSE,"-","-","-"
"SR2_20160114_174210_439.wav",2016-01-14 17:42:10,"Pippip",5,FALSE,"-","-","-"
"SR2_20160107_083259_024.wav",2016-01-07 08:32:59,"Pippip",5,FALSE,"-","-","-"
"SR2_20180717_010731_000.wav",2018-07-17 01:07:31,"Pippip",5,FALSE,"-","-","-"
"SR2_20160921_193503_000.wav",2016-09-21 19:35:03,"Pippip",5,FALSE,"-","-","-"
"SR2_20160921_193553_000.wav",2016-09-21 19:35:53,"Pippip",5,FALSE,"-","-","-"
"SR2_20160716_015744_101.wav",2016-07-16 01:57:44,"Pippip",5,FALSE,"-","-","-"
"SR2_20170903_193109_000.wav",2017-09-03 19:31:09,"Pippip",5,FALSE,"-","-","-"
"SR2_20170904_001626_000.wav",2017-09-04 00:16:26,"Pippip",5,FALSE,"-","-","-"
"SR2_20160114_172803_695.wav",2016-01-14 17:28:03,"Pippip",5,FALSE,"-","-","-"
"SR2_20160116_165654_013.wav",2016-01-16 16:56:54,"Pippip",5,FALSE,"-","-","-"
"SR2_20151029_185028_383.wav",2015-10-29 18:50:28,"Pippip",5,FALSE,"-","-","-"
"SR2_20160908_215116_000.wav",2016-09-08 21:51:16,"Pippip",5,FALSE,"-","-","-"
"SR2_20160510_004304_284.wav",2016-05-10 00:43:04,"Pippip",5,FALSE,"-","-","-"
"SR2_20160114_173228_436.wav",2016-01-14 17:32:28,"Pippip",5,FALSE,"-","-","-"
"SR2_20180706_224129_000.wav",2018-07-06 22:41:29,"Pippip",5,FALSE,"-","-","-"
"SR2_20180708_234033_000.wav",2018-07-08 23:40:33,"Pippip",6,FALSE,"-","-","-"
"SR2_20160723_023633_011.wav",2016-07-23 02:36:33,"Pippip",6,FALSE,"-","-","-"
"SR2_20180419_225153_000.wav",2018-04-19 22:51:53,"Pippip",6,FALSE,"-","-","-"
"SR2_20170906_220230_000.wav",2017-09-06 22:02:30,"Pippip",6,FALSE,"-","-","-"
"SR2_20180716_230914_000.wav",2018-07-16 23:09:14,"Pippip",6,FALSE,"-","-","-"
"SR2_20180717_023431_000.wav",2018-07-17 02:34:31,"Pippip",6,FALSE,"-","-","-"
"SR2_20160616_215632_708.wav",2016-06-16 21:56:32,"Pippip",6,FALSE,"-","-","-"
"SR2_20160718_010939_516.wav",2016-07-18 01:09:39,"Pippip",6,FALSE,"-","-","-"
"SR2_20160710_002503_309.wav",2016-07-10 00:25:03,"Pippip",6,FALSE,"-","-","-"
"SR2_20160627_201028_960.wav",2016-06-27 20:10:28,"Pippip",6,FALSE,"-","-","-"
"SR2_20160613_204130_472.wav",2016-06-13 20:41:30,"Pippip",6,FALSE,"-","-","-"
"SR2_20160606_205725_136.wav",2016-06-06 20:57:25,"Pippip",6,FALSE,"-","-","-"
"SR2_20160608_204000_936.wav",2016-06-08 20:40:00,"Pippip",6,FALSE,"-","-","-"
"SR2_20171014_193512_000.wav",2017-10-14 19:35:12,"Pippip",6,FALSE,"-","-","-"
"SR2_20160704_030225_731.wav",2016-07-04 03:02:25,"Pippip",6,FALSE,"-","-","-"
"SR2_20151125_213039_644.wav",2015-11-25 21:30:39,"Pippip",6,FALSE,"-","-","-"
"SR2_20170827_193307_000.wav",2017-08-27 19:33:07,"Pippip",6,FALSE,"-","-","-"
"SR2_20151029_184945_173.wav",2015-10-29 18:49:45,"Pippip",6,FALSE,"-","-","-"
"SR2_20160610_222123_253.wav",2016-06-10 22:21:23,"Pippip",6,FALSE,"-","-","-"
"SR2_20160306_220057_656.wav",2016-03-06 22:00:57,"Pippip",6,FALSE,"-","-","-"
"SR2_20160719_000900_605.wav",2016-07-19 00:09:00,"Pippip",6,FALSE,"-","-","-"
"SR2_20180717_022023_000.wav",2018-07-17 02:20:23,"Pippip",6,FALSE,"-","-","-"
"SR2_20170901_201115_000.wav",2017-09-01 20:11:15,"Pippip",6,FALSE,"-","-","-"
"SR2_20160724_024843_116.wav",2016-07-24 02:48:43,"Pippip",6,FALSE,"-","-","-"
"SR2_20160726_003155_789.wav",2016-07-26 00:31:55,"Pippip",6,FALSE,"-","-","-"
"SR2_20170904_001508_000.wav",2017-09-04 00:15:08,"Pippip",7,FALSE,"-","-","-"
"SR2_20160613_232503_648.wav",2016-06-13 23:25:03,"Pippip",7,FALSE,"-","-","-"
"SR2_20160715_232812_032.wav",2016-07-15 23:28:12,"Pippip",7,FALSE,"-","-","-"
"SR2_20160724_234944_148.wav",2016-07-24 23:49:44,"Pippip",7,FALSE,"-","-","-"
"SR2_20160610_215015_476.wav",2016-06-10 21:50:15,"Pippip",7,FALSE,"-","-","-"
"SR2_20160705_030514_188.wav",2016-07-05 03:05:14,"Pippip",7,FALSE,"-","-","-"
"SR2_20170802_224032_000.wav",2017-08-02 22:40:32,"Pippip",7,FALSE,"-","-","-"
"SR2_20151029_184936_708.wav",2015-10-29 18:49:36,"Pippip",7,FALSE,"-","-","-"
"SR2_20160604_221219_041.wav",2016-06-04 22:12:19,"Pippip",7,FALSE,"-","-","-"
"SR2_20160623_222828_112.wav",2016-06-23 22:28:28,"Pippip",7,FALSE,"-","-","-"
"SR2_20170903_193600_000.wav",2017-09-03 19:36:00,"Pippip",7,FALSE,"-","-","-"
"SR2_20160707_022904_991.wav",2016-07-07 02:29:04,"Pippip",7,FALSE,"-","-","-"
"SR2_20180715_212813_000.wav",2018-07-15 21:28:13,"Pippip",7,FALSE,"-","-","-"
"SR2_20170903_235427_000.wav",2017-09-03 23:54:27,"Pippip",7,FALSE,"-","-","-"
"SR2_20170906_223304_000.wav",2017-09-06 22:33:04,"Pippip",7,FALSE,"-","-","-"
"SR2_20170903_195125_000.wav",2017-09-03 19:51:25,"Pippip",7,FALSE,"-","-","-"
"SR2_20180715_232819_000.wav",2018-07-15 23:28:19,"Pippip",7,FALSE,"-","-","-"
"SR2_20180110_175756_000.wav",2018-01-10 17:57:56,"Pippip",7,FALSE,"-","-","-"
"SR2_20170903_234959_000.wav",2017-09-03 23:49:59,"Pippip",7,FALSE,"-","-","-"
"SR2_20160716_225049_109.wav",2016-07-16 22:50:49,"Pippip",7,FALSE,"-","-","-"
"SR2_20170829_221818_000.wav",2017-08-29 22:18:18,"Pippip",7,FALSE,"-","-","-"
"SR2_20180717_003030_000.wav",2018-07-17 00:30:30,"Pippip",7,FALSE,"-","-","-"
"SR2_20160724_222638_251.wav",2016-07-24 22:26:38,"Pippip",7,FALSE,"-","-","-"
"SR2_20180722_224835_000.wav",2018-07-22 22:48:35,"Pippip",7,FALSE,"-","-","-"
"SR2_20160728_035504_000.wav",2016-07-28 03:55:04,"Pippip",7,FALSE,"-","-","-"
"SR2_20160624_212246_929.wav",2016-06-24 21:22:46,"Pippip",8,FALSE,"-","-","-"
"SR2_20170824_194639_000.wav",2017-08-24 19:46:39,"Pippip",8,FALSE,"-","-","-"
"SR2_20160722_035817_568.wav",2016-07-22 03:58:17,"Pippip",8,FALSE,"-","-","-"
"SR2_20180725_205048_000.wav",2018-07-25 20:50:48,"Pippip",8,FALSE,"-","-","-"
"SR2_20160721_021421_037.wav",2016-07-21 02:14:21,"Pippip",8,FALSE,"-","-","-"
"SR2_20170830_192131_000.wav",2017-08-30 19:21:31,"Pippip",8,FALSE,"-","-","-"
"SR2_20180721_004907_000.wav",2018-07-21 00:49:07,"Pippip",8,FALSE,"-","-","-"
"SR2_20160627_221111_017.wav",2016-06-27 22:11:11,"Pippip",8,FALSE,"-","-","-"
"SR2_20180719_001311_000.wav",2018-07-19 00:13:11,"Pippip",8,FALSE,"-","-","-"
"SR2_20180708_223322_000.wav",2018-07-08 22:33:22,"Pippip",8,FALSE,"-","-","-"
"SR2_20160724_234728_392.wav",2016-07-24 23:47:28,"Pippip",8,FALSE,"-","-","-"
"SR2_20160720_021933_289.wav",2016-07-20 02:19:33,"Pippip",8,FALSE,"-","-","-"
"SR2_20170903_191853_000.wav",2017-09-03 19:18:53,"Pippip",8,FALSE,"-","-","-"
"SR2_20160729_022326_451.wav",2016-07-29 02:23:26,"Pippip",8,FALSE,"-","-","-"
"SR2_20170906_191606_000.wav",2017-09-06 19:16:06,"Pippip",8,FALSE,"-","-","-"
"SR2_20170828_210758_000.wav",2017-08-28 21:07:58,"Pippip",8,FALSE,"-","-","-"
"SR2_20180504_213556_000.wav",2018-05-04 21:35:56,"Pippip",8,FALSE,"-","-","-"
"SR2_20151029_190218_104.wav",2015-10-29 19:02:18,"Pippip",8,FALSE,"-","-","-"
"SR2_20160716_001839_677.wav",2016-07-16 00:18:39,"Pippip",8,FALSE,"-","-","-"
"SR2_20151029_185308_123.wav",2015-10-29 18:53:08,"Pippip",8,FALSE,"-","-","-"
"SR2_20160114_173040_200.wav",2016-01-14 17:30:40,"Pippip",8,FALSE,"-","-","-"
"SR2_20180723_223815_000.wav",2018-07-23 22:38:15,"Pippip",8,FALSE,"-","-","-"
"SR2_20160608_232632_525.wav",2016-06-08 23:26:32,"Pippip",8,FALSE,"-","-","-"
"SR2_20160724_230850_419.wav",2016-07-24 23:08:50,"Pippip",8,FALSE,"-","-","-"
"SR2_20160522_032954_424.wav",2016-05-22 03:29:54,"Pippip",8,FALSE,"-","-","-"
"SR2_20171025_200844_000.wav",2017-10-25 20:08:44,"Pippip",9,FALSE,"-","-","-"
"SR2_20180716_231821_000.wav",2018-07-16 23:18:21,"Pippip",9,FALSE,"-","-","-"
"SR2_20170830_192416_000.wav",2017-08-30 19:24:16,"Pippip",9,FALSE,"-","-","-"
"SR2_20180720_224924_000.wav",2018-07-20 22:49:24,"Pippip",9,FALSE,"-","-","-"
"SR2_20180728_231243_000.wav",2018-07-28 23:12:43,"Pippip",9,FALSE,"-","-","-"
"SR2_20170906_193454_000.wav",2017-09-06 19:34:54,"Pippip",9,FALSE,"-","-","-"
"SR2_20170903_231423_000.wav",2017-09-03 23:14:23,"Pippip",9,FALSE,"-","-","-"
"SR2_20170908_190324_000.wav",2017-09-08 19:03:24,"Pippip",9,FALSE,"-","-","-"
"SR2_20160602_221951_092.wav",2016-06-02 22:19:51,"Pippip",9,FALSE,"-","-","-"
"SR2_20160517_015842_215.wav",2016-05-17 01:58:42,"Pippip",9,FALSE,"-","-","-"
"SR2_20170903_221921_000.wav",2017-09-03 22:19:21,"Pippip",9,FALSE,"-","-","-"
"SR2_20180711_230936_000.wav",2018-07-11 23:09:36,"Pippip",9,FALSE,"-","-","-"
"SR2_20151029_190653_712.wav",2015-10-29 19:06:53,"Pippip",9,FALSE,"-","-","-"
"SR2_20170903_234851_000.wav",2017-09-03 23:48:51,"Pippip",9,FALSE,"-","-","-"
"SR2_20180718_213714_000.wav",2018-07-18 21:37:14,"Pippip",9,FALSE,"-","-","-"
"SR2_20170829_222310_000.wav",2017-08-29 22:23:10,"Pippip",9,FALSE,"-","-","-"
"SR2_20170830_003823_000.wav",2017-08-30 00:38:23,"Pippip",9,FALSE,"-","-","-"
"SR2_20160718_032019_431.wav",2016-07-18 03:20:19,"Pippip",9,FALSE,"-","-","-"
"SR2_20160604_222513_172.wav",2016-06-04 22:25:13,"Pippip",9,FALSE,"-","-","-"
"SR2_20180707_020329_000.wav",2018-07-07 02:03:29,"Pippip",9,FALSE,"-","-","-"
"SR2_20170903_192009_000.wav",2017-09-03 19:20:09,"Pippip",9,FALSE,"-","-","-"
"SR2_20170831_192036_000.wav",2017-08-31 19:20:36,"Pippip",9,FALSE,"-","-","-"
"SR2_20160713_232255_027.wav",2016-07-13 23:22:55,"Pippip",9,FALSE,"-","-","-"
"SR2_20170903_234301_000.wav",2017-09-03 23:43:01,"Pippip",9,FALSE,"-","-","-"
"SR2_20170903_224558_000.wav",2017-09-03 22:45:58,"Pippip",9,FALSE,"-","-","-"
"SR2_20171026_171320_000.wav",2017-10-26 17:13:20,"Pippip",10,FALSE,"-","-","-"
"SR2_20160619_231406_184.wav",2016-06-19 23:14:06,"Pippip",10,FALSE,"-","-","-"
"SR2_20171022_211712_000.wav",2017-10-22 21:17:12,"Pippip",10,FALSE,"-","-","-"
"SR2_20170823_040838_000.wav",2017-08-23 04:08:38,"Pippip",10,FALSE,"-","-","-"
"SR2_20170908_191724_000.wav",2017-09-08 19:17:24,"Pippip",10,FALSE,"-","-","-"
"SR2_20171120_232545_000.wav",2017-11-20 23:25:45,"Pippip",10,FALSE,"-","-","-"
"SR2_20170903_195925_000.wav",2017-09-03 19:59:25,"Pippip",10,FALSE,"-","-","-"
"SR2_20170903_220348_000.wav",2017-09-03 22:03:48,"Pippip",10,FALSE,"-","-","-"
"SR2_20170906_221529_000.wav",2017-09-06 22:15:29,"Pippip",10,FALSE,"-","-","-"
"SR2_20170826_011925_000.wav",2017-08-26 01:19:25,"Pippip",10,FALSE,"-","-","-"
"SR2_20180711_222003_000.wav",2018-07-11 22:20:03,"Pippip",10,FALSE,"-","-","-"
"SR2_20170821_214847_000.wav",2017-08-21 21:48:47,"Pippip",10,FALSE,"-","-","-"
"SR2_20170806_202531_000.wav",2017-08-06 20:25:31,"Pippip",10,FALSE,"-","-","-"
"SR2_20170903_224801_000.wav",2017-09-03 22:48:01,"Pippip",10,FALSE,"-","-","-"
"SR2_20160721_030110_205.wav",2016-07-21 03:01:10,"Pippip",10,FALSE,"-","-","-"
"SR2_20160714_215616_873.wav",2016-07-14 21:56:16,"Pippip",10,FALSE,"-","-","-"
"SR2_20171031_172339_000.wav",2017-10-31 17:23:39,"Pippip",10,FALSE,"-","-","-"
"SR2_20170906_191642_000.wav",2017-09-06 19:16:42,"Pippip",10,FALSE,"-","-","-"
"SR2_20160404_210610_472.wav",2016-04-04 21:06:10,"Pippip",10,FALSE,"-","-","-"
"SR2_20160404_193218_117.wav",2016-04-04 19:32:18,"Pippip",10,FALSE,"-","-","-"
"SR2_20180305_011750_000.wav",2018-03-05 01:17:50,"Pippip",10,FALSE,"-","-","-"
"SR2_20170903_204504_000.wav",2017-09-03 20:45:04,"Pippip",10,FALSE,"-","-","-"
"SR2_20170901_201355_000.wav",2017-09-01 20:13:55,"Pippip",10,FALSE,"-","-","-"
"SR2_20160612_231810_144.wav",2016-06-12 23:18:10,"Pippip",10,FALSE,"-","-","-"
"SR2_20170901_220010_000.wav",2017-09-01 22:00:10,"Pippip",10,FALSE,"-","-","-"
"SR2_20170821_215111_000.wav",2017-08-21 21:51:11,"Pippyg",5,FALSE,"-","-","-"
"SR2_20160720_020041_557.wav",2016-07-20 02:00:41,"Pippyg",6,FALSE,"-","-","-"
"SR2_20180727_003616_000.wav",2018-07-27 00:36:16,"Pippyg",6,FALSE,"-","-","-"
"SR2_20180726_233534_000.wav",2018-07-26 23:35:34,"Pippyg",6,FALSE,"-","-","-"
"SR2_20160915_011218_000.wav",2016-09-15 01:12:18,"Pippyg",6,FALSE,"-","-","-"
"SR2_20160114_165816_368.wav",2016-01-14 16:58:16,"Pippyg",6,FALSE,"-","-","-"
"SR2_20170904_001657_000.wav",2017-09-04 00:16:57,"Pippyg",6,FALSE,"-","-","-"
"SR2_20170905_202946_000.wav",2017-09-05 20:29:46,"Pippyg",6,FALSE,"-","-","-"
"SR2_20160718_224027_759.wav",2016-07-18 22:40:27,"Pippyg",7,FALSE,"-","-","-"
"SR2_20160114_165330_577.wav",2016-01-14 16:53:30,"Pippyg",7,FALSE,"-","-","-"
"SR2_20180504_010113_000.wav",2018-05-04 01:01:13,"Pippyg",7,FALSE,"-","-","-"
"SR2_20161012_004148_000.wav",2016-10-12 00:41:48,"Pippyg",7,FALSE,"-","-","-"
"SR2_20170906_045148_000.wav",2017-09-06 04:51:48,"Pippyg",7,FALSE,"-","-","-"
"SR2_20160508_004952_220.wav",2016-05-08 00:49:52,"Pippyg",7,FALSE,"-","-","-"
"SR2_20170918_214938_000.wav",2017-09-18 21:49:38,"Pippyg",8,FALSE,"-","-","-"
"SR2_20170906_224907_000.wav",2017-09-06 22:49:07,"Pippyg",8,FALSE,"-","-","-"
"SR2_20180704_212436_000.wav",2018-07-04 21:24:36,"Pippyg",8,FALSE,"-","-","-"
"SR2_20160910_231647_000.wav",2016-09-10 23:16:47,"Pippyg",8,FALSE,"-","-","-"
"SR2_20180718_210235_000.wav",2018-07-18 21:02:35,"Pippyg",8,FALSE,"-","-","-"
"SR2_20180726_225653_000.wav",2018-07-26 22:56:53,"Pippyg",8,FALSE,"-","-","-"
"SR2_20180704_211108_000.wav",2018-07-04 21:11:08,"Pippyg",8,FALSE,"-","-","-"
"SR2_20180706_012201_000.wav",2018-07-06 01:22:01,"Pippyg",8,FALSE,"-","-","-"
"SR2_20160518_000810_929.wav",2016-05-18 00:08:10,"Pippyg",8,FALSE,"-","-","-"
"SR2_20180708_213343_000.wav",2018-07-08 21:33:43,"Pippyg",8,FALSE,"-","-","-"
"SR2_20170603_002544_000.wav",2017-06-03 00:25:44,"Pippyg",8,FALSE,"-","-","-"
"SR2_20180725_011837_000.wav",2018-07-25 01:18:37,"Pippyg",8,FALSE,"-","-","-"
"SR2_20170822_004944_000.wav",2017-08-22 00:49:44,"Pippyg",8,FALSE,"-","-","-"
"SR2_20160726_235755_763.wav",2016-07-26 23:57:55,"Pippyg",8,FALSE,"-","-","-"
"SR2_20160803_213208_816.wav",2016-08-03 21:32:08,"Pippyg",8,FALSE,"-","-","-"
"SR2_20160619_214747_341.wav",2016-06-19 21:47:47,"Pippyg",8,FALSE,"-","-","-"
"SR2_20160807_025617_472.wav",2016-08-07 02:56:17,"Pippyg",8,FALSE,"-","-","-"
"SR2_20171014_173452_000.wav",2017-10-14 17:34:52,"Pippyg",8,FALSE,"-","-","-"
"SR2_20170609_224518_000.wav",2017-06-09 22:45:18,"Pippyg",8,FALSE,"-","-","-"
"SR2_20180705_211127_000.wav",2018-07-05 21:11:27,"Pippyg",8,FALSE,"-","-","-"
"SR2_20160518_232627_869.wav",2016-05-18 23:26:27,"Pippyg",8,FALSE,"-","-","-"
"SR2_20160723_224207_552.wav",2016-07-23 22:42:07,"Pippyg",8,FALSE,"-","-","-"
"SR2_20170528_235050_000.wav",2017-05-28 23:50:50,"Pippyg",8,FALSE,"-","-","-"
"SR2_20170820_192909_000.wav",2017-08-20 19:29:09,"Pippyg",8,FALSE,"-","-","-"
"SR2_20161002_200144_000.wav",2016-10-02 20:01:44,"Pippyg",8,FALSE,"-","-","-"
"SR2_20180712_014843_000.wav",2018-07-12 01:48:43,"Pippyg",9,FALSE,"-","-","-"
"SR2_20170904_212600_000.wav",2017-09-04 21:26:00,"Pippyg",9,FALSE,"-","-","-"
"SR2_20180706_210941_000.wav",2018-07-06 21:09:41,"Pippyg",9,FALSE,"-","-","-"
"SR2_20180706_212215_000.wav",2018-07-06 21:22:15,"Pippyg",9,FALSE,"-","-","-"
"SR2_20180717_211055_000.wav",2018-07-17 21:10:55,"Pippyg",9,FALSE,"-","-","-"
"SR2_20160807_215125_525.wav",2016-08-07 21:51:25,"Pippyg",9,FALSE,"-","-","-"
"SR2_20160516_030019_384.wav",2016-05-16 03:00:19,"Pippyg",9,FALSE,"-","-","-"
"SR2_20180724_230130_000.wav",2018-07-24 23:01:30,"Pippyg",9,FALSE,"-","-","-"
"SR2_20160611_223838_847.wav",2016-06-11 22:38:38,"Pippyg",9,FALSE,"-","-","-"
"SR2_20180707_211613_000.wav",2018-07-07 21:16:13,"Pippyg",9,FALSE,"-","-","-"
"SR2_20180725_230514_000.wav",2018-07-25 23:05:14,"Pippyg",9,FALSE,"-","-","-"
"SR2_20160502_233331_960.wav",2016-05-02 23:33:31,"Pippyg",9,FALSE,"-","-","-"
"SR2_20180704_211154_000.wav",2018-07-04 21:11:54,"Pippyg",9,FALSE,"-","-","-"
"SR2_20180726_011632_000.wav",2018-07-26 01:16:32,"Pippyg",9,FALSE,"-","-","-"
"SR2_20170823_193215_000.wav",2017-08-23 19:32:15,"Pippyg",9,FALSE,"-","-","-"
"SR2_20180122_184052_000.wav",2018-01-22 18:40:52,"Pippyg",9,FALSE,"-","-","-"
"SR2_20160705_025320_595.wav",2016-07-05 02:53:20,"Pippyg",9,FALSE,"-","-","-"
"SR2_20160509_021137_015.wav",2016-05-09 02:11:37,"Pippyg",9,FALSE,"-","-","-"
"SR2_20160908_195655_000.wav",2016-09-08 19:56:55,"Pippyg",9,FALSE,"-","-","-"
"SR2_20180714_212203_000.wav",2018-07-14 21:22:03,"Pippyg",9,FALSE,"-","-","-"
"SR2_20180715_212011_000.wav",2018-07-15 21:20:11,"Pippyg",9,FALSE,"-","-","-"
"SR2_20160717_232121_752.wav",2016-07-17 23:21:21,"Pippyg",9,FALSE,"-","-","-"
"SR2_20171102_190151_000.wav",2017-11-02 19:01:51,"Pippyg",9,FALSE,"-","-","-"
"SR2_20170824_222126_000.wav",2017-08-24 22:21:26,"Pippyg",9,FALSE,"-","-","-"
"SR2_20180728_032601_000.wav",2018-07-28 03:26:01,"Pippyg",9,FALSE,"-","-","-"
"SR2_20180512_214839_000.wav",2018-05-12 21:48:39,"Pippyg",10,FALSE,"-","-","-"
"SR2_20160924_192028_000.wav",2016-09-24 19:20:28,"Pippyg",10,FALSE,"-","-","-"
"SR2_20170904_045058_000.wav",2017-09-04 04:50:58,"Pippyg",10,FALSE,"-","-","-"
"SR2_20171102_200018_000.wav",2017-11-02 20:00:18,"Pippyg",10,FALSE,"-","-","-"
"SR2_20160518_041442_832.wav",2016-05-18 04:14:42,"Pippyg",10,FALSE,"-","-","-"
"SR2_20170914_224546_000.wav",2017-09-14 22:45:46,"Pippyg",10,FALSE,"-","-","-"
"SR2_20180123_022629_000.wav",2018-01-23 02:26:29,"Pippyg",10,FALSE,"-","-","-"
"SR2_20160509_223756_097.wav",2016-05-09 22:37:56,"Pippyg",10,FALSE,"-","-","-"
"SR2_20180726_210650_000.wav",2018-07-26 21:06:50,"Pippyg",10,FALSE,"-","-","-"
"SR2_20161101_180510_000.wav",2016-11-01 18:05:10,"Pippyg",10,FALSE,"-","-","-"
"SR2_20170904_213901_000.wav",2017-09-04 21:39:01,"Pippyg",10,FALSE,"-","-","-"
"SR2_20170905_044729_000.wav",2017-09-05 04:47:29,"Pippyg",10,FALSE,"-","-","-"
"SR2_20180704_213742_000.wav",2018-07-04 21:37:42,"Pippyg",10,FALSE,"-","-","-"
"SR2_20170905_234041_000.wav",2017-09-05 23:40:41,"Pippyg",10,FALSE,"-","-","-"
"SR2_20180704_213627_000.wav",2018-07-04 21:36:27,"Pippyg",10,FALSE,"-","-","-"
"SR2_20171029_220409_000.wav",2017-10-29 22:04:09,"Pippyg",10,FALSE,"-","-","-"
"SR2_20180723_220740_000.wav",2018-07-23 22:07:40,"Pippyg",10,FALSE,"-","-","-"
"SR2_20180704_213622_000.wav",2018-07-04 21:36:22,"Pippyg",10,FALSE,"-","-","-"
"SR2_20160123_180049_687.wav",2016-01-23 18:00:49,"Pippyg",10,FALSE,"-","-","-"
"SR2_20180530_211335_000.wav",2018-05-30 21:13:35,"Pippyg",10,FALSE,"-","-","-"
"SR2_20151021_212602_839.wav",2015-10-21 21:26:02,"Pippyg",10,FALSE,"-","-","-"
"SR2_20180705_211138_000.wav",2018-07-05 21:11:38,"Pippyg",10,FALSE,"-","-","-"
"SR2_20180305_190049_000.wav",2018-03-05 19:00:49,"Pippyg",10,FALSE,"-","-","-"
"SR2_20180721_001308_000.wav",2018-07-21 00:13:08,"Pippyg",10,FALSE,"-","-","-"
"SR2_20170906_221605_000.wav",2017-09-06 22:16:05,"Pippyg",10,FALSE,"-","-","-"
"SR2_20151019_012054_707.wav",2015-10-19 01:20:54,"Pleaur",5,FALSE,"-","-","-"
"SR2_20180305_222744_000.wav",2018-03-05 22:27:44,"Pleaur",5,FALSE,"-","-","-"
"SR2_20180305_232601_000.wav",2018-03-05 23:26:01,"Pleaur",5,FALSE,"-","-","-"
"SR2_20160619_202404_488.wav",2016-06-19 20:24:04,"Pleaur",5,FALSE,"-","-","-"
"SR2_20160808_024600_847.wav",2016-08-08 02:46:00,"Pleaur",6,FALSE,"-","-","-"
"SR2_20151204_172555_881.wav",2015-12-04 17:25:55,"Pleaur",6,FALSE,"-","-","-"
"SR2_20171026_002630_000.wav",2017-10-26 00:26:30,"Pleaur",6,FALSE,"-","-","-"
"SR2_20170827_011110_000.wav",2017-08-27 01:11:10,"Pleaur",6,FALSE,"-","-","-"
"SR2_20160319_211652_708.wav",2016-03-19 21:16:52,"Pleaur",6,FALSE,"-","-","-"
"SR2_20160304_185937_348.wav",2016-03-04 18:59:37,"Pleaur",6,FALSE,"-","-","-"
"SR2_20160806_223614_339.wav",2016-08-06 22:36:14,"Pleaur",6,FALSE,"-","-","-"
"SR2_20160914_033445_000.wav",2016-09-14 03:34:45,"Pleaur",6,FALSE,"-","-","-"
"SR2_20170828_035059_000.wav",2017-08-28 03:50:59,"Pleaur",6,FALSE,"-","-","-"
"SR2_20171010_220458_000.wav",2017-10-10 22:04:58,"Pleaur",6,FALSE,"-","-","-"
"SR2_20180310_193117_000.wav",2018-03-10 19:31:17,"Pleaur",6,FALSE,"-","-","-"
"SR2_20170907_041619_000.wav",2017-09-07 04:16:19,"Pleaur",7,FALSE,"-","-","-"
"SR2_20180728_004052_000.wav",2018-07-28 00:40:52,"Pleaur",7,FALSE,"-","-","-"
"SR2_20170911_232603_000.wav",2017-09-11 23:26:03,"Pleaur",7,FALSE,"-","-","-"
"SR2_20170922_193934_000.wav",2017-09-22 19:39:34,"Pleaur",7,FALSE,"-","-","-"
"SR2_20160726_231603_855.wav",2016-07-26 23:16:03,"Pleaur",7,FALSE,"-","-","-"
"SR2_20160623_223217_699.wav",2016-06-23 22:32:17,"Pleaur",7,FALSE,"-","-","-"
"SR2_20160619_213856_936.wav",2016-06-19 21:38:56,"Pleaur",7,FALSE,"-","-","-"
"SR2_20160715_222959_852.wav",2016-07-15 22:29:59,"Pleaur",7,FALSE,"-","-","-"
"SR2_20160908_230619_000.wav",2016-09-08 23:06:19,"Pleaur",7,FALSE,"-","-","-"
"SR2_20160619_212416_900.wav",2016-06-19 21:24:16,"Pleaur",7,FALSE,"-","-","-"
"SR2_20160910_010733_000.wav",2016-09-10 01:07:33,"Pleaur",7,FALSE,"-","-","-"
"SR2_20180311_014152_000.wav",2018-03-11 01:41:52,"Pleaur",8,FALSE,"-","-","-"
"SR2_20160913_052243_000.wav",2016-09-13 05:22:43,"Pleaur",8,FALSE,"-","-","-"
"SR2_20151017_225838_719.wav",2015-10-17 22:58:38,"Pleaur",8,FALSE,"-","-","-"
"SR2_20160301_224842_919.wav",2016-03-01 22:48:42,"Pleaur",8,FALSE,"-","-","-"
"SR2_20160912_050822_000.wav",2016-09-12 05:08:22,"Pleaur",8,FALSE,"-","-","-"
"SR2_20160228_210754_276.wav",2016-02-28 21:07:54,"Pleaur",8,FALSE,"-","-","-"
"SR2_20160619_201628_719.wav",2016-06-19 20:16:28,"Pleaur",8,FALSE,"-","-","-"
"SR2_20160807_001342_524.wav",2016-08-07 00:13:42,"Pleaur",8,FALSE,"-","-","-"
"SR2_20160724_222929_964.wav",2016-07-24 22:29:29,"Pleaur",8,FALSE,"-","-","-"
"SR2_20160619_215654_624.wav",2016-06-19 21:56:54,"Pleaur",8,FALSE,"-","-","-"
"SR2_20160705_220803_139.wav",2016-07-05 22:08:03,"Pleaur",8,FALSE,"-","-","-"
"SR2_20160619_210725_637.wav",2016-06-19 21:07:25,"Pleaur",8,FALSE,"-","-","-"
"SR2_20160723_231918_455.wav",2016-07-23 23:19:18,"Pleaur",8,FALSE,"-","-","-"
"SR2_20151014_205217_209.wav",2015-10-14 20:52:17,"Pleaur",8,FALSE,"-","-","-"
"SR2_20160720_221241_751.wav",2016-07-20 22:12:41,"Pleaur",8,FALSE,"-","-","-"
"SR2_20171001_034942_000.wav",2017-10-01 03:49:42,"Pleaur",8,FALSE,"-","-","-"
"SR2_20180310_211348_000.wav",2018-03-10 21:13:48,"Pleaur",8,FALSE,"-","-","-"
"SR2_20170821_221659_000.wav",2017-08-21 22:16:59,"Pleaur",8,FALSE,"-","-","-"
"SR2_20160619_220613_131.wav",2016-06-19 22:06:13,"Pleaur",8,FALSE,"-","-","-"
"SR2_20170907_041624_000.wav",2017-09-07 04:16:24,"Pleaur",8,FALSE,"-","-","-"
"SR2_20151022_020004_837.wav",2015-10-22 02:00:04,"Pleaur",8,FALSE,"-","-","-"
"SR2_20180711_225908_000.wav",2018-07-11 22:59:08,"Pleaur",8,FALSE,"-","-","-"
"SR2_20160707_022335_952.wav",2016-07-07 02:23:35,"Pleaur",8,FALSE,"-","-","-"
"SR2_20180311_223509_000.wav",2018-03-11 22:35:09,"Pleaur",8,FALSE,"-","-","-"
"SR2_20171014_225120_000.wav",2017-10-14 22:51:20,"Pleaur",8,FALSE,"-","-","-"
"SR2_20170903_041252_000.wav",2017-09-03 04:12:52,"Pleaur",9,FALSE,"-","-","-"
"SR2_20160619_200957_433.wav",2016-06-19 20:09:57,"Pleaur",9,FALSE,"-","-","-"
"SR2_20161006_033910_000.wav",2016-10-06 03:39:10,"Pleaur",9,FALSE,"-","-","-"
"SR2_20170916_190636_000.wav",2017-09-16 19:06:36,"Pleaur",9,FALSE,"-","-","-"
"SR2_20180310_191404_000.wav",2018-03-10 19:14:04,"Pleaur",9,FALSE,"-","-","-"
"SR2_20160628_232144_475.wav",2016-06-28 23:21:44,"Pleaur",9,FALSE,"-","-","-"
"SR2_20160807_001343_619.wav",2016-08-07 00:13:43,"Pleaur",9,FALSE,"-","-","-"
"SR2_20160912_031612_000.wav",2016-09-12 03:16:12,"Pleaur",9,FALSE,"-","-","-"
"SR2_20160619_205847_147.wav",2016-06-19 20:58:47,"Pleaur",9,FALSE,"-","-","-"
"SR2_20170918_210758_000.wav",2017-09-18 21:07:58,"Pleaur",9,FALSE,"-","-","-"
"SR2_20160615_224819_817.wav",2016-06-15 22:48:19,"Pleaur",9,FALSE,"-","-","-"
"SR2_20160910_201711_000.wav",2016-09-10 20:17:11,"Pleaur",9,FALSE,"-","-","-"
"SR2_20180422_014353_000.wav",2018-04-22 01:43:53,"Pleaur",9,FALSE,"-","-","-"
"SR2_20160619_202732_733.wav",2016-06-19 20:27:32,"Pleaur",9,FALSE,"-","-","-"
"SR2_20160803_220214_939.wav",2016-08-03 22:02:14,"Pleaur",9,FALSE,"-","-","-"
"SR2_20171021_052825_000.wav",2017-10-21 05:28:25,"Pleaur",9,FALSE,"-","-","-"
"SR2_20160701_201831_535.wav",2016-07-01 20:18:31,"Pleaur",9,FALSE,"-","-","-"
"SR2_20160619_213754_140.wav",2016-06-19 21:37:54,"Pleaur",9,FALSE,"-","-","-"
"SR2_20180215_230652_000.wav",2018-02-15 23:06:52,"Pleaur",9,FALSE,"-","-","-"
"SR2_20160619_203756_273.wav",2016-06-19 20:37:56,"Pleaur",9,FALSE,"-","-","-"
"SR2_20170823_232102_000.wav",2017-08-23 23:21:02,"Pleaur",9,FALSE,"-","-","-"
"SR2_20160321_203441_309.wav",2016-03-21 20:34:41,"Pleaur",9,FALSE,"-","-","-"
"SR2_20170830_230615_000.wav",2017-08-30 23:06:15,"Pleaur",9,FALSE,"-","-","-"
"SR2_20171007_204004_000.wav",2017-10-07 20:40:04,"Pleaur",9,FALSE,"-","-","-"
"SR2_20170825_230818_000.wav",2017-08-25 23:08:18,"Pleaur",9,FALSE,"-","-","-"
"SR2_20170907_041044_000.wav",2017-09-07 04:10:44,"Pleaur",10,FALSE,"-","-","-"
"SR2_20160914_002300_000.wav",2016-09-14 00:23:00,"Pleaur",10,FALSE,"-","-","-"
"SR2_20160913_002746_000.wav",2016-09-13 00:27:46,"Pleaur",10,FALSE,"-","-","-"
"SR2_20160914_201625_000.wav",2016-09-14 20:16:25,"Pleaur",10,FALSE,"-","-","-"
"SR2_20160705_001354_807.wav",2016-07-05 00:13:54,"Pleaur",10,FALSE,"-","-","-"
"SR2_20160705_022953_337.wav",2016-07-05 02:29:53,"Pleaur",10,FALSE,"-","-","-"
"SR2_20170822_232927_000.wav",2017-08-22 23:29:27,"Pleaur",10,FALSE,"-","-","-"
"SR2_20151027_203905_568.wav",2015-10-27 20:39:05,"Pleaur",10,FALSE,"-","-","-"
"SR2_20160612_225938_297.wav",2016-06-12 22:59:38,"Pleaur",10,FALSE,"-","-","-"
"SR2_20170918_220011_000.wav",2017-09-18 22:00:11,"Pleaur",10,FALSE,"-","-","-"
"SR2_20160725_032904_000.wav",2016-07-25 03:29:04,"Pleaur",10,FALSE,"-","-","-"
"SR2_20161001_191652_000.wav",2016-10-01 19:16:52,"Pleaur",10,FALSE,"-","-","-"
"SR2_20160725_012122_688.wav",2016-07-25 01:21:22,"Pleaur",10,FALSE,"-","-","-"
"SR2_20171031_174118_000.wav",2017-10-31 17:41:18,"Pleaur",10,FALSE,"-","-","-"
"SR2_20160521_013310_792.wav",2016-05-21 01:33:10,"Pleaur",10,FALSE,"-","-","-"
"SR2_20160909_015757_000.wav",2016-09-09 01:57:57,"Pleaur",10,FALSE,"-","-","-"
"SR2_20161016_004618_000.wav",2016-10-16 00:46:18,"Pleaur",10,FALSE,"-","-","-"
"SR2_20160502_213638_251.wav",2016-05-02 21:36:38,"Pleaur",10,FALSE,"-","-","-"
"SR2_20171013_012747_000.wav",2017-10-13 01:27:47,"Pleaur",10,FALSE,"-","-","-"
"SR2_20160623_211104_889.wav",2016-06-23 21:11:04,"Pleaur",10,FALSE,"-","-","-"
"SR2_20160726_004720_251.wav",2016-07-26 00:47:20,"Pleaur",10,FALSE,"-","-","-"
"SR2_20160919_200804_000.wav",2016-09-19 20:08:04,"Pleaur",10,FALSE,"-","-","-"
"SR2_20160619_210835_125.wav",2016-06-19 21:08:35,"Pleaur",10,FALSE,"-","-","-"
"SR2_20170904_035358_000.wav",2017-09-04 03:53:58,"Pleaur",10,FALSE,"-","-","-"
"SR2_20160612_231119_375.wav",2016-06-12 23:11:19,"Pleaur",10,FALSE,"-","-","-"
