INDIR,FOLDER,IN FILE,DURATION,DATE,TIME,HOUR,DATE-12,TIME-12,HOUR-12,LATITUDE,LONGITUDE,MODEL,SERIAL NO,FIRMWARE,PREFIX,NOTES,AUTO ID,PULSES,MATCHING,MATCH RATIO,MARGIN,FILES,MANUAL ID,ORGID,USERID,REVIEW ORGID,REVIEW USERID,INPATHMD5
E:\Eccles Bats\Downloaded\2018-10-25 ECC-A,Data,ECC_20181006_171902.wac,1800.001333,2018-10-06,17:19:02,17,2018-10-06,05:19:02,5,,,,,,,,,,,,,1,,,,,,oIRoWLWKiLpMBn9vdbcJGA==
E:\Eccles Bats\Downloaded\2018-10-25 ECC-A,Data,ECC_20181006_164900.wac,1800.001333,2018-10-06,16:49:00,16,2018-10-06,04:49:00,4,,,,,,,,,,,,,1,,,,,,NFP4f9YTMSFcEAtJy7mZTg==
E:\Eccles Bats\Downloaded\2018-10-25 ECC-A,Data,ECC_20181006_184906.wac,1796.001333,2018-10-06,18:49:06,18,2018-10-06,06:49:06,6,,,,,,,,,,,,,1,,,,,,xRXjHpNyVkXg0Fg488D+VA==
E:\Eccles Bats\Downloaded\2018-10-25 ECC-A,Data,ECC_20181006_174904.wac,1798.001333,2018-10-06,17:49:04,17,2018-10-06,05:49:04,5,,,,,,,,,,,,,1,,,,,,eQd+I/zSAHm3Jp+U2MtOkw==
E:\Eccles Bats\Downloaded\2018-10-25 ECC-A,Data,ECC_20181006_181904.wac,1798.001333,2018-10-06,18:19:04,18,2018-10-06,06:19:04,6,,,,,,,,,,,,,1,,,,,,cDUKpOF7IzE0+IfzAb58Gw==
E:\Eccles Bats\Downloaded\2018-10-25 ECC-A,Data,ECC_20181006_191905.wac,1797.001333,2018-10-06,19:19:05,19,2018-10-06,07:19:05,7,,,,,,,,,,,,,1,,,,,,qpIUS+o2W/88O2bzm2bx9A==
E:\Eccles Bats\Downloaded\2018-10-25 ECC-A,Data,ECC_20181006_194904.wac,1798.001333,2018-10-06,19:49:04,19,2018-10-06,07:49:04,7,,,,,,,,,,,,,1,,,,,,FVp4CEQkXcHgFcaOgs+bxg==
E:\Eccles Bats\Downloaded\2018-10-25 ECC-A,Data,ECC_20181006_201904.wac,1798.001333,2018-10-06,20:19:04,20,2018-10-06,08:19:04,8,,,,,,,,,,,,,1,,,,,,Z3nYWalkbY1msgW7vvEwkg==
E:\Eccles Bats\Downloaded\2018-10-25 ECC-A,Data,ECC_20181006_204904.wac,1798.001333,2018-10-06,20:49:04,20,2018-10-06,08:49:04,8,,,,,,,,,,,,,1,,,,,,8bxavVQU1I2BYEVV2MZOlA==
E:\Eccles Bats\Downloaded\2018-10-25 ECC-A,Data,ECC_20181006_211904.wac,1798.001333,2018-10-06,21:19:04,21,2018-10-06,09:19:04,9,,,,,,,,,,,,,1,,,,,,7BBseqnUersYaBaPCho+Fg==
E:\Eccles Bats\Downloaded\2018-10-25 ECC-A,Data,ECC_20181006_214904.wac,1798.001333,2018-10-06,21:49:04,21,2018-10-06,09:49:04,9,,,,,,,,,,,,,1,,,,,,qB21aVKshfm0UEUfgoEcYw==
E:\Eccles Bats\Downloaded\2018-10-25 ECC-A,Data,ECC_20181006_221907.wac,1795.001333,2018-10-06,22:19:07,22,2018-10-06,10:19:07,10,,,,,,,,,,,,,1,,,,,,ZJlxC3tNZahqQEW8s3luFg==
E:\Eccles Bats\Downloaded\2018-10-25 ECC-A,Data,ECC_20181006_224906.wac,1796.001333,2018-10-06,22:49:06,22,2018-10-06,10:49:06,10,,,,,,,,,,,,,1,,,,,,iiQEOWwlakPB9Oubl+Sdfg==
E:\Eccles Bats\Downloaded\2018-10-25 ECC-A,Data,ECC_20181006_231904.wac,1798.001333,2018-10-06,23:19:04,23,2018-10-06,11:19:04,11,,,,,,,,,,,,,1,,,,,,aG7jbYCxvIjoh7+2Nagp9g==
E:\Eccles Bats\Downloaded\2018-10-25 ECC-A,Data,ECC_20181006_234904.wac,1798.001333,2018-10-06,23:49:04,23,2018-10-06,11:49:04,11,,,,,,,,,,,,,1,,,,,,anK8DFKlTK5wrMtEglq1dw==
E:\Eccles Bats\Downloaded\2018-10-25 ECC-A,Data,ECC_20181007_001904.wac,1798.001333,2018-10-07,00:19:04,0,2018-10-06,12:19:04,12,,,,,,,,,,,,,1,,,,,,Iw8Jv3/zUbnKiH0BKcA35w==
E:\Eccles Bats\Downloaded\2018-10-25 ECC-A,Data,ECC_20181007_004908.wac,1794.001333,2018-10-07,00:49:08,0,2018-10-06,12:49:08,12,,,,,,,,,,,,,1,,,,,,Im9Xa8Il/neQ6Waxf98C/A==
E:\Eccles Bats\Downloaded\2018-10-25 ECC-A,Data,ECC_20181007_011904.wac,1798.001333,2018-10-07,01:19:04,1,2018-10-06,13:19:04,13,,,,,,,,,,,,,1,,,,,,1mKNsnTm945HMLmxhIzcjg==
E:\Eccles Bats\Downloaded\2018-10-25 ECC-A,Data,ECC_20181007_021904.wac,1798.001333,2018-10-07,02:19:04,2,2018-10-06,14:19:04,14,,,,,,,,,,,,,1,,,,,,EZ5w5u09uferdarchXouFQ==
E:\Eccles Bats\Downloaded\2018-10-25 ECC-A,Data,ECC_20181007_014904.wac,1798.001333,2018-10-07,01:49:04,1,2018-10-06,13:49:04,13,,,,,,,,,,,,,1,,,,,,E2kRH0dgjj0rA/kstKKh0Q==
E:\Eccles Bats\Downloaded\2018-10-25 ECC-A,Data,ECC_20181007_024910.wac,1792.001333,2018-10-07,02:49:10,2,2018-10-06,14:49:10,14,,,,,,,,,,,,,1,,,,,,4W3GK2deKMVpzQYfaMb9bw==
E:\Eccles Bats\Downloaded\2018-10-25 ECC-A,Data,ECC_20181007_041908.wac,1794.001333,2018-10-07,04:19:08,4,2018-10-06,16:19:08,16,,,,,,,,,,,,,1,,,,,,hCKfmuPhrQX2UKxgIa7eMA==
E:\Eccles Bats\Downloaded\2018-10-25 ECC-A,Data,ECC_20181007_031904.wac,1798.001333,2018-10-07,03:19:04,3,2018-10-06,15:19:04,15,,,,,,,,,,,,,1,,,,,,OzgfCg1TwT2Cyzgc//qcVw==
E:\Eccles Bats\Downloaded\2018-10-25 ECC-A,Data,ECC_20181007_044904.wac,1798.001333,2018-10-07,04:49:04,4,2018-10-06,16:49:04,16,,,,,,,,,,,,,1,,,,,,DLW6zJ1w0GVcl2Sfofwojw==
E:\Eccles Bats\Downloaded\2018-10-25 ECC-A,Data,ECC_20181007_034904.wac,1798.001333,2018-10-07,03:49:04,3,2018-10-06,15:49:04,15,,,,,,,,,,,,,1,,,,,,DLvfQtSNcSYpAg5Eg9GaPQ==
E:\Eccles Bats\Downloaded\2018-10-25 ECC-A,Data,ECC_20181007_051904.wac,1798.001333,2018-10-07,05:19:04,5,2018-10-06,17:19:04,17,,,,,,,,,,,,,1,,,,,,M81sHUtT1WnYeUQfKNP7MQ==
E:\Eccles Bats\Downloaded\2018-10-25 ECC-A,Data,ECC_20181007_054904.wac,1798.001333,2018-10-07,05:49:04,5,2018-10-06,17:49:04,17,,,,,,,,,,,,,1,,,,,,tvL3FYQxfth8Y5i88EN9Pg==
E:\Eccles Bats\Downloaded\2018-10-25 ECC-A,Data,ECC_20181007_061904.wac,958.001333,2018-10-07,06:19:04,6,2018-10-06,18:19:04,18,,,,,,,,,,,,,1,,,,,,5RunH6KUoTUfTKFnxg3d2A==
E:\Eccles Bats\Downloaded\2018-10-25 ECC-A,Data,ECC_20181007_174704.wac,1798.001333,2018-10-07,17:47:04,17,2018-10-07,05:47:04,5,,,,,,,,,,,,,1,,,,,,8ahuUD1XPp0y8Zt9CQVAng==
E:\Eccles Bats\Downloaded\2018-10-25 ECC-A,Data,ECC_20181007_171708.wac,1794.001333,2018-10-07,17:17:08,17,2018-10-07,05:17:08,5,,,,,,,,,,,,,1,,,,,,njgq6mNo45aMaXN3A60FCw==
E:\Eccles Bats\Downloaded\2018-10-25 ECC-A,Data,ECC_20181007_181704.wac,1798.001333,2018-10-07,18:17:04,18,2018-10-07,06:17:04,6,,,,,,,,,,,,,1,,,,,,QGtERIyeGCNr8zwgNuzF7w==
E:\Eccles Bats\Downloaded\2018-10-25 ECC-A,Data,ECC_20181007_164700.wac,1800.001333,2018-10-07,16:47:00,16,2018-10-07,04:47:00,4,,,,,,,,,,,,,1,,,,,,6PTMAUNmwMe3/0p99KQaQw==
E:\Eccles Bats\Downloaded\2018-10-25 ECC-A,Data,ECC_20181007_184704.wac,1798.001333,2018-10-07,18:47:04,18,2018-10-07,06:47:04,6,,,,,,,,,,,,,1,,,,,,LNI1WCz/yeHytlXkY9BNGA==
E:\Eccles Bats\Downloaded\2018-10-25 ECC-A,Data,ECC_20181007_191704.wac,1798.001333,2018-10-07,19:17:04,19,2018-10-07,07:17:04,7,,,,,,,,,,,,,1,,,,,,2VQ7RFriK/SX0w0sIS8Mmw==
E:\Eccles Bats\Downloaded\2018-10-25 ECC-A,Data,ECC_20181007_194709.wac,1793.001333,2018-10-07,19:47:09,19,2018-10-07,07:47:09,7,,,,,,,,,,,,,1,,,,,,VwutqDD/rTQCd4S3PIh4tg==
E:\Eccles Bats\Downloaded\2018-10-25 ECC-A,Data,ECC_20181007_201704.wac,1798.001333,2018-10-07,20:17:04,20,2018-10-07,08:17:04,8,,,,,,,,,,,,,1,,,,,,YNUq8MMBBJIQQvY6Ylpqxg==
E:\Eccles Bats\Downloaded\2018-10-25 ECC-A,Data,ECC_20181007_211704.wac,1798.001333,2018-10-07,21:17:04,21,2018-10-07,09:17:04,9,,,,,,,,,,,,,1,,,,,,VpTwJl7B6f+B49LFDlkIVA==
E:\Eccles Bats\Downloaded\2018-10-25 ECC-A,Data,ECC_20181007_204704.wac,1798.001333,2018-10-07,20:47:04,20,2018-10-07,08:47:04,8,,,,,,,,,,,,,1,,,,,,0VdqwgMjqt12d4P2WZlGZg==
E:\Eccles Bats\Downloaded\2018-10-25 ECC-A,Data,ECC_20181007_214708.wac,1794.001333,2018-10-07,21:47:08,21,2018-10-07,09:47:08,9,,,,,,,,,,,,,1,,,,,,TJ0jtfBwQG4lkgcoPTPNmA==
E:\Eccles Bats\Downloaded\2018-10-25 ECC-A,Data,ECC_20181007_221704.wac,1798.001333,2018-10-07,22:17:04,22,2018-10-07,10:17:04,10,,,,,,,,,,,,,1,,,,,,0ywYD5raIpFKv/FV6jd6zw==
E:\Eccles Bats\Downloaded\2018-10-25 ECC-A,Data,ECC_20181007_224704.wac,1798.001333,2018-10-07,22:47:04,22,2018-10-07,10:47:04,10,,,,,,,,,,,,,1,,,,,,wQiKQoHNA2cVvCDzDop1uw==
E:\Eccles Bats\Downloaded\2018-10-25 ECC-A,Data,ECC_20181007_231704.wac,1798.001333,2018-10-07,23:17:04,23,2018-10-07,11:17:04,11,,,,,,,,,,,,,1,,,,,,FWNzFaGHbzBkkneIuwBftA==
E:\Eccles Bats\Downloaded\2018-10-25 ECC-A,Data,ECC_20181007_234704.wac,1798.001333,2018-10-07,23:47:04,23,2018-10-07,11:47:04,11,,,,,,,,,,,,,1,,,,,,7RHmD8I2oy09q7J8Neve5Q==
E:\Eccles Bats\Downloaded\2018-10-25 ECC-A,Data,ECC_20181008_004704.wac,1798.001333,2018-10-08,00:47:04,0,2018-10-07,12:47:04,12,,,,,,,,,,,,,1,,,,,,Ax3fmkpz7H49KT83rldZYQ==
E:\Eccles Bats\Downloaded\2018-10-25 ECC-A,Data,ECC_20181008_001708.wac,1794.001333,2018-10-08,00:17:08,0,2018-10-07,12:17:08,12,,,,,,,,,,,,,1,,,,,,emeAqXsBFXs091nQDOBXTQ==
E:\Eccles Bats\Downloaded\2018-10-25 ECC-A,Data,ECC_20181008_011707.wac,1795.001333,2018-10-08,01:17:07,1,2018-10-07,13:17:07,13,,,,,,,,,,,,,1,,,,,,DHYtkSmotpJvylHPVcYMig==
E:\Eccles Bats\Downloaded\2018-10-25 ECC-A,Data,ECC_20181008_014704.wac,1798.001333,2018-10-08,01:47:04,1,2018-10-07,13:47:04,13,,,,,,,,,,,,,1,,,,,,qFBLIPAP4KY3T6rr7Lfz1g==
E:\Eccles Bats\Downloaded\2018-10-25 ECC-A,Data,ECC_20181008_021704.wac,1798.001333,2018-10-08,02:17:04,2,2018-10-07,14:17:04,14,,,,,,,,,,,,,1,,,,,,hQUN+k6MipjHP+KVcPrjsg==
E:\Eccles Bats\Downloaded\2018-10-25 ECC-A,Data,ECC_20181008_024704.wac,1798.001333,2018-10-08,02:47:04,2,2018-10-07,14:47:04,14,,,,,,,,,,,,,1,,,,,,Q7NJflmTQe4xUcyzfzjibw==
E:\Eccles Bats\Downloaded\2018-10-25 ECC-A,Data,ECC_20181008_031704.wac,1798.001333,2018-10-08,03:17:04,3,2018-10-07,15:17:04,15,,,,,,,,,,,,,1,,,,,,/lY26ZyZDdKuHMW6A2Au0A==
E:\Eccles Bats\Downloaded\2018-10-25 ECC-A,Data,ECC_20181008_041704.wac,1798.001333,2018-10-08,04:17:04,4,2018-10-07,16:17:04,16,,,,,,,,,,,,,1,,,,,,QLitVy/xWxXp4wYbxAfX1Q==
E:\Eccles Bats\Downloaded\2018-10-25 ECC-A,Data,ECC_20181008_044707.wac,1795.001333,2018-10-08,04:47:07,4,2018-10-07,16:47:07,16,,,,,,,,,,,,,1,,,,,,8swC+JdCXdiFfXSdJzFT8Q==
E:\Eccles Bats\Downloaded\2018-10-25 ECC-A,Data,ECC_20181008_034709.wac,1793.001333,2018-10-08,03:47:09,3,2018-10-07,15:47:09,15,,,,,,,,,,,,,1,,,,,,+o62PCgJX7xAhmNC4hdhqA==
E:\Eccles Bats\Downloaded\2018-10-25 ECC-A,Data,ECC_20181008_054704.wac,1798.001333,2018-10-08,05:47:04,5,2018-10-07,17:47:04,17,,,,,,,,,,,,,1,,,,,,dB4VdCjacEhvYYd4za1LVA==
E:\Eccles Bats\Downloaded\2018-10-25 ECC-A,Data,ECC_20181008_051704.wac,1798.001333,2018-10-08,05:17:04,5,2018-10-07,17:17:04,17,,,,,,,,,,,,,1,,,,,,B/VbJ9SpwOok+d5HvtWVyw==
E:\Eccles Bats\Downloaded\2018-10-25 ECC-A,Data,ECC_20181008_061708.wac,1194.001333,2018-10-08,06:17:08,6,2018-10-07,18:17:08,18,,,,,,,,,,,,,1,,,,,,VoYJOGokkYZE0/ME/esVUw==
E:\Eccles Bats\Downloaded\2018-10-25 ECC-A,Data,ECC_20181008_171505.wac,1797.001333,2018-10-08,17:15:05,17,2018-10-08,05:15:05,5,,,,,,,,,,,,,1,,,,,,efHnH7w4z80bTBkQaf8KcQ==
E:\Eccles Bats\Downloaded\2018-10-25 ECC-A,Data,ECC_20181008_174504.wac,1798.001333,2018-10-08,17:45:04,17,2018-10-08,05:45:04,5,,,,,,,,,,,,,1,,,,,,rLGkwRizJI5gMWinKAxqOA==
E:\Eccles Bats\Downloaded\2018-10-25 ECC-A,Data,ECC_20181008_181504.wac,1798.001333,2018-10-08,18:15:04,18,2018-10-08,06:15:04,6,,,,,,,,,,,,,1,,,,,,RBLXQtV+c4X64Zo/d5X4ZQ==
E:\Eccles Bats\Downloaded\2018-10-25 ECC-A,Data,ECC_20181008_164500.wac,1800.001333,2018-10-08,16:45:00,16,2018-10-08,04:45:00,4,,,,,,,,,,,,,1,,,,,,wOpAhXQQ4FbEXV3XmUO0qQ==
E:\Eccles Bats\Downloaded\2018-10-25 ECC-A,Data,ECC_20181008_184504.wac,1798.001333,2018-10-08,18:45:04,18,2018-10-08,06:45:04,6,,,,,,,,,,,,,1,,,,,,VjiizkEEsl++vBnhwtjFnw==
E:\Eccles Bats\Downloaded\2018-10-25 ECC-A,Data,ECC_20181008_191504.wac,1798.001333,2018-10-08,19:15:04,19,2018-10-08,07:15:04,7,,,,,,,,,,,,,1,,,,,,8PIMPb2FQeUbs7adldCvXg==
E:\Eccles Bats\Downloaded\2018-10-25 ECC-A,Data,ECC_20181008_201504.wac,1798.001333,2018-10-08,20:15:04,20,2018-10-08,08:15:04,8,,,,,,,,,,,,,1,,,,,,LXkRB4wcSHyg7zJxbK95rg==
E:\Eccles Bats\Downloaded\2018-10-25 ECC-A,Data,ECC_20181008_194504.wac,1798.001333,2018-10-08,19:45:04,19,2018-10-08,07:45:04,7,,,,,,,,,,,,,1,,,,,,Fip1KvRGkmFyLSPiGcVYYQ==
E:\Eccles Bats\Downloaded\2018-10-25 ECC-A,Data,ECC_20181008_204509.wac,1793.001333,2018-10-08,20:45:09,20,2018-10-08,08:45:09,8,,,,,,,,,,,,,1,,,,,,fdLLtZNs3YxpzxGk4z6ZfQ==
E:\Eccles Bats\Downloaded\2018-10-25 ECC-A,Data,ECC_20181008_214505.wac,1797.001333,2018-10-08,21:45:05,21,2018-10-08,09:45:05,9,,,,,,,,,,,,,1,,,,,,mZ936y7VJet+2cdN+hPeCw==
E:\Eccles Bats\Downloaded\2018-10-25 ECC-A,Data,ECC_20181008_211505.wac,1797.001333,2018-10-08,21:15:05,21,2018-10-08,09:15:05,9,,,,,,,,,,,,,1,,,,,,315+x1dJzwg1uHID+WO6eg==
E:\Eccles Bats\Downloaded\2018-10-25 ECC-A,Data,ECC_20181008_221504.wac,1798.001333,2018-10-08,22:15:04,22,2018-10-08,10:15:04,10,,,,,,,,,,,,,1,,,,,,AseG8sYd00GGLnzpzoTsyQ==
E:\Eccles Bats\Downloaded\2018-10-25 ECC-A,Data,ECC_20181008_224504.wac,1798.001333,2018-10-08,22:45:04,22,2018-10-08,10:45:04,10,,,,,,,,,,,,,1,,,,,,5rajEHb6WMRMzNPFKvZxkA==
E:\Eccles Bats\Downloaded\2018-10-25 ECC-A,Data,ECC_20181008_231506.wac,1797.001333,2018-10-08,23:15:06,23,2018-10-08,11:15:06,11,,,,,,,,,,,,,1,,,,,,xd+DTKUiZ5eHgYATgon+Cw==
E:\Eccles Bats\Downloaded\2018-10-25 ECC-A,Data,ECC_20181009_001504.wac,1798.001333,2018-10-09,00:15:04,0,2018-10-08,12:15:04,12,,,,,,,,,,,,,1,,,,,,fsCdA7Y4ifeWGsD9Oyt4qg==
E:\Eccles Bats\Downloaded\2018-10-25 ECC-A,Data,ECC_20181008_234505.wac,1797.001333,2018-10-08,23:45:05,23,2018-10-08,11:45:05,11,,,,,,,,,,,,,1,,,,,,GweKNdkywSJuxkF1NJbKog==
E:\Eccles Bats\Downloaded\2018-10-25 ECC-A,Data,ECC_20181009_004504.wac,1798.001333,2018-10-09,00:45:04,0,2018-10-08,12:45:04,12,,,,,,,,,,,,,1,,,,,,WEt3lDmv5fvvzK2CuDwtBQ==
E:\Eccles Bats\Downloaded\2018-10-25 ECC-A,Data,ECC_20181009_014504.wac,1798.001333,2018-10-09,01:45:04,1,2018-10-08,13:45:04,13,,,,,,,,,,,,,1,,,,,,TEe0wgZcLlIVd2gCnySEQg==
E:\Eccles Bats\Downloaded\2018-10-25 ECC-A,Data,ECC_20181009_011504.wac,1798.001333,2018-10-09,01:15:04,1,2018-10-08,13:15:04,13,,,,,,,,,,,,,1,,,,,,yUE6gQOb+512f/EWaVXgWA==
E:\Eccles Bats\Downloaded\2018-10-25 ECC-A,Data,ECC_20181009_021504.wac,1798.001333,2018-10-09,02:15:04,2,2018-10-08,14:15:04,14,,,,,,,,,,,,,1,,,,,,ekRj1tNvZeDWo1dpDk78mg==
E:\Eccles Bats\Downloaded\2018-10-25 ECC-A,Data,ECC_20181009_024504.wac,1798.001333,2018-10-09,02:45:04,2,2018-10-08,14:45:04,14,,,,,,,,,,,,,1,,,,,,SK8hXb7YKmxjkNx/L9l6Zw==
E:\Eccles Bats\Downloaded\2018-10-25 ECC-A,Data,ECC_20181009_031504.wac,1798.001333,2018-10-09,03:15:04,3,2018-10-08,15:15:04,15,,,,,,,,,,,,,1,,,,,,S4PAFthPoRE92S+2xAJ4zQ==
E:\Eccles Bats\Downloaded\2018-10-25 ECC-A,Data,ECC_20181009_034504.wac,1798.001333,2018-10-09,03:45:04,3,2018-10-08,15:45:04,15,,,,,,,,,,,,,1,,,,,,iw6yB6dLCnBWLe5lAgZ6Gg==
E:\Eccles Bats\Downloaded\2018-10-25 ECC-A,Data,ECC_20181009_041504.wac,1798.001333,2018-10-09,04:15:04,4,2018-10-08,16:15:04,16,,,,,,,,,,,,,1,,,,,,wMLThg0nRXAk2zbAb71coQ==
E:\Eccles Bats\Downloaded\2018-10-25 ECC-A,Data,ECC_20181009_044504.wac,1798.001333,2018-10-09,04:45:04,4,2018-10-08,16:45:04,16,,,,,,,,,,,,,1,,,,,,aJ6ODJwiO8zi1DrHnkKCgg==
E:\Eccles Bats\Downloaded\2018-10-25 ECC-A,Data,ECC_20181009_171202.wac,1800.001333,2018-10-09,17:12:02,17,2018-10-09,05:12:02,5,,,,,,,,,,,,,1,,,,,,X3+///txbe6pscNFAKAoEQ==
E:\Eccles Bats\Downloaded\2018-10-25 ECC-A,Data,ECC_20181009_051504.wac,1798.001333,2018-10-09,05:15:04,5,2018-10-08,17:15:04,17,,,,,,,,,,,,,1,,,,,,lGSuRxZEUsRHa5B0zlqAHw==
E:\Eccles Bats\Downloaded\2018-10-25 ECC-A,Data,ECC_20181009_054504.wac,1798.001333,2018-10-09,05:45:04,5,2018-10-08,17:45:04,17,,,,,,,,,,,,,1,,,,,,wzoVKIN2tUxXsC0JEmMfYw==
E:\Eccles Bats\Downloaded\2018-10-25 ECC-A,Data,ECC_20181009_061504.wac,1438.001333,2018-10-09,06:15:04,6,2018-10-08,18:15:04,18,,,,,,,,,,,,,1,,,,,,As7OEQZD+nqpS00mWuLLRA==
E:\Eccles Bats\Downloaded\2018-10-25 ECC-A,Data,ECC_20181009_164200.wac,1800.001333,2018-10-09,16:42:00,16,2018-10-09,04:42:00,4,,,,,,,,,,,,,1,,,,,,WYfZagBspWqaOrieRsMxUw==
E:\Eccles Bats\Downloaded\2018-10-25 ECC-A,Data,ECC_20181009_174204.wac,1798.001333,2018-10-09,17:42:04,17,2018-10-09,05:42:04,5,,,,,,,,,,,,,1,,,,,,Q/ReDiI2MIcS8LyysOh6jA==
E:\Eccles Bats\Downloaded\2018-10-25 ECC-A,Data,ECC_20181009_191204.wac,1798.001333,2018-10-09,19:12:04,19,2018-10-09,07:12:04,7,,,,,,,,,,,,,1,,,,,,gxRlCnCzixTSiIVCvJpbyw==
E:\Eccles Bats\Downloaded\2018-10-25 ECC-A,Data,ECC_20181009_184204.wac,1798.001333,2018-10-09,18:42:04,18,2018-10-09,06:42:04,6,,,,,,,,,,,,,1,,,,,,Ww42YUl9Dl0uzvAYnUgwLQ==
E:\Eccles Bats\Downloaded\2018-10-25 ECC-A,Data,ECC_20181009_181204.wac,1798.001333,2018-10-09,18:12:04,18,2018-10-09,06:12:04,6,,,,,,,,,,,,,1,,,,,,Y+zGKMXJofe7MKnC765Q2w==
E:\Eccles Bats\Downloaded\2018-10-25 ECC-A,Data,ECC_20181009_194204.wac,1798.001333,2018-10-09,19:42:04,19,2018-10-09,07:42:04,7,,,,,,,,,,,,,1,,,,,,dtO2GmcYME47YyJ/zLZrlA==
E:\Eccles Bats\Downloaded\2018-10-25 ECC-A,Data,ECC_20181009_201204.wac,1798.001333,2018-10-09,20:12:04,20,2018-10-09,08:12:04,8,,,,,,,,,,,,,1,,,,,,QaCaUSgLADauMIcVMDFckA==
E:\Eccles Bats\Downloaded\2018-10-25 ECC-A,Data,ECC_20181009_211204.wac,1798.001333,2018-10-09,21:12:04,21,2018-10-09,09:12:04,9,,,,,,,,,,,,,1,,,,,,UM8KKyyGFXFs51cYQdqF2w==
E:\Eccles Bats\Downloaded\2018-10-25 ECC-A,Data,ECC_20181009_204204.wac,1798.001333,2018-10-09,20:42:04,20,2018-10-09,08:42:04,8,,,,,,,,,,,,,1,,,,,,iodfgIGcFEkVGrJZHVMbhg==
E:\Eccles Bats\Downloaded\2018-10-25 ECC-A,Data,ECC_20181009_214204.wac,1798.001333,2018-10-09,21:42:04,21,2018-10-09,09:42:04,9,,,,,,,,,,,,,1,,,,,,pj2j0sqXggy5LHBrzgQ4dg==
E:\Eccles Bats\Downloaded\2018-10-25 ECC-A,Data,ECC_20181009_221204.wac,1798.001333,2018-10-09,22:12:04,22,2018-10-09,10:12:04,10,,,,,,,,,,,,,1,,,,,,KP8QGv4NILRem9RLEb01zA==
E:\Eccles Bats\Downloaded\2018-10-25 ECC-A,Data,ECC_20181009_224204.wac,1798.001333,2018-10-09,22:42:04,22,2018-10-09,10:42:04,10,,,,,,,,,,,,,1,,,,,,FtmP4eS1u9bWUzOsUiOHQg==
E:\Eccles Bats\Downloaded\2018-10-25 ECC-A,Data,ECC_20181009_231204.wac,1798.001333,2018-10-09,23:12:04,23,2018-10-09,11:12:04,11,,,,,,,,,,,,,1,,,,,,l9oq8TNXcmwZOqO6qZ/hTA==
E:\Eccles Bats\Downloaded\2018-10-25 ECC-A,Data,ECC_20181009_234204.wac,1798.001333,2018-10-09,23:42:04,23,2018-10-09,11:42:04,11,,,,,,,,,,,,,1,,,,,,NoG9JH70MhTdH6Kwkj49Kw==
E:\Eccles Bats\Downloaded\2018-10-25 ECC-A,Data,ECC_20181010_001204.wac,1798.001333,2018-10-10,00:12:04,0,2018-10-09,12:12:04,12,,,,,,,,,,,,,1,,,,,,fETCB/TR5kz/E68tbSMGJQ==
E:\Eccles Bats\Downloaded\2018-10-25 ECC-A,Data,ECC_20181010_004204.wac,1798.001333,2018-10-10,00:42:04,0,2018-10-09,12:42:04,12,,,,,,,,,,,,,1,,,,,,u/8DY7Am8mlm5phX5e/e2w==
E:\Eccles Bats\Downloaded\2018-10-25 ECC-A,Data,ECC_20181010_011204.wac,1798.001333,2018-10-10,01:12:04,1,2018-10-09,13:12:04,13,,,,,,,,,,,,,1,,,,,,4Q+QmBwR+PdtG2zm66fvrg==
E:\Eccles Bats\Downloaded\2018-10-25 ECC-A,Data,ECC_20181010_014204.wac,1798.001333,2018-10-10,01:42:04,1,2018-10-09,13:42:04,13,,,,,,,,,,,,,1,,,,,,Mjxy+SCf9X6XMM3wbqYK3w==
E:\Eccles Bats\Downloaded\2018-10-25 ECC-A,Data,ECC_20181010_021204.wac,1798.001333,2018-10-10,02:12:04,2,2018-10-09,14:12:04,14,,,,,,,,,,,,,1,,,,,,4BYaxQoGSCeKukikSFJbOQ==
E:\Eccles Bats\Downloaded\2018-10-25 ECC-A,Data,ECC_20181010_024204.wac,1798.001333,2018-10-10,02:42:04,2,2018-10-09,14:42:04,14,,,,,,,,,,,,,1,,,,,,5hPRBWn8aaVDQmgMH2+SCA==
E:\Eccles Bats\Downloaded\2018-10-25 ECC-A,Data,ECC_20181010_031204.wac,1798.001333,2018-10-10,03:12:04,3,2018-10-09,15:12:04,15,,,,,,,,,,,,,1,,,,,,sThgCi2D0S8Ja4X8X6t22w==
E:\Eccles Bats\Downloaded\2018-10-25 ECC-A,Data,ECC_20181010_041204.wac,1798.001333,2018-10-10,04:12:04,4,2018-10-09,16:12:04,16,,,,,,,,,,,,,1,,,,,,F5NK6LWZD5anZkbmYOC+sw==
E:\Eccles Bats\Downloaded\2018-10-25 ECC-A,Data,ECC_20181010_034204.wac,1798.001333,2018-10-10,03:42:04,3,2018-10-09,15:42:04,15,,,,,,,,,,,,,1,,,,,,5fUnlPjr2eK+U2IeQi0ogQ==
E:\Eccles Bats\Downloaded\2018-10-25 ECC-A,Data,ECC_20181010_044204.wac,1798.001333,2018-10-10,04:42:04,4,2018-10-09,16:42:04,16,,,,,,,,,,,,,1,,,,,,bqTAuhIXZKX0njAVlbVSCA==
E:\Eccles Bats\Downloaded\2018-10-25 ECC-A,Data,ECC_20181010_051204.wac,1798.001333,2018-10-10,05:12:04,5,2018-10-09,17:12:04,17,,,,,,,,,,,,,1,,,,,,IJsCzLl5mUB1YSj2/i4glw==
E:\Eccles Bats\Downloaded\2018-10-25 ECC-A,Data,ECC_20181010_061204.wac,1678.001333,2018-10-10,06:12:04,6,2018-10-09,18:12:04,18,,,,,,,,,,,,,1,,,,,,ap/Vtr+vco1rxaK1Yq4JSg==
E:\Eccles Bats\Downloaded\2018-10-25 ECC-A,Data,ECC_20181010_054204.wac,1798.001333,2018-10-10,05:42:04,5,2018-10-09,17:42:04,17,,,,,,,,,,,,,1,,,,,,FNG8eKMYq1sUG5RHr5sa4g==
E:\Eccles Bats\Downloaded\2018-10-25 ECC-A,Data,ECC_20181010_171002.wac,1800.001333,2018-10-10,17:10:02,17,2018-10-10,05:10:02,5,,,,,,,,,,,,,1,,,,,,OzpVTc0Wvmn8SvdsUQ9w5Q==
E:\Eccles Bats\Downloaded\2018-10-25 ECC-A,Data,ECC_20181010_164000.wac,1800.001333,2018-10-10,16:40:00,16,2018-10-10,04:40:00,4,,,,,,,,,,,,,1,,,,,,38XKdcoirxp+hTkQQF8vAw==
E:\Eccles Bats\Downloaded\2018-10-25 ECC-A,Data,ECC_20181010_174010.wac,1792.001333,2018-10-10,17:40:10,17,2018-10-10,05:40:10,5,,,,,,,,,,,,,1,,,,,,LSxevfJxYoC/NdMbrbZ9tg==
E:\Eccles Bats\Downloaded\2018-10-25 ECC-A,Data,ECC_20181010_181004.wac,1798.001333,2018-10-10,18:10:04,18,2018-10-10,06:10:04,6,,,,,,,,,,,,,1,,,,,,uqoIbyB5O1Yt0o6hS5IZqg==
E:\Eccles Bats\Downloaded\2018-10-25 ECC-A,Data,ECC_20181010_184008.wac,1794.001333,2018-10-10,18:40:08,18,2018-10-10,06:40:08,6,,,,,,,,,,,,,1,,,,,,db8v4UswNSeUgbrNKac8wg==
E:\Eccles Bats\Downloaded\2018-10-25 ECC-A,Data,ECC_20181010_191010.wac,1792.001333,2018-10-10,19:10:10,19,2018-10-10,07:10:10,7,,,,,,,,,,,,,1,,,,,,vgC2PrQyTfCPZqY3YQfipw==
E:\Eccles Bats\Downloaded\2018-10-25 ECC-A,Data,ECC_20181010_194004.wac,1798.001333,2018-10-10,19:40:04,19,2018-10-10,07:40:04,7,,,,,,,,,,,,,1,,,,,,RqGobTm6rEYhCkv3xBinoA==
E:\Eccles Bats\Downloaded\2018-10-25 ECC-A,Data,ECC_20181010_201004.wac,1798.001333,2018-10-10,20:10:04,20,2018-10-10,08:10:04,8,,,,,,,,,,,,,1,,,,,,/Smwv1FUs/22UZu0dzthEw==
E:\Eccles Bats\Downloaded\2018-10-25 ECC-A,Data,ECC_20181010_204004.wac,1798.001333,2018-10-10,20:40:04,20,2018-10-10,08:40:04,8,,,,,,,,,,,,,1,,,,,,NDdTXqtFMtABSnHGLRltxg==
E:\Eccles Bats\Downloaded\2018-10-25 ECC-A,Data,ECC_20181010_211008.wac,1794.001333,2018-10-10,21:10:08,21,2018-10-10,09:10:08,9,,,,,,,,,,,,,1,,,,,,5B0zPqP0GG5KOeDW3Qd81w==
E:\Eccles Bats\Downloaded\2018-10-25 ECC-A,Data,ECC_20181010_214004.wac,1798.001333,2018-10-10,21:40:04,21,2018-10-10,09:40:04,9,,,,,,,,,,,,,1,,,,,,rdMK1RwQ2g0m/nZSWnBr7w==
E:\Eccles Bats\Downloaded\2018-10-25 ECC-A,Data,ECC_20181010_221009.wac,1793.001333,2018-10-10,22:10:09,22,2018-10-10,10:10:09,10,,,,,,,,,,,,,1,,,,,,M/RGcns17jnqxIxalvVGrQ==
E:\Eccles Bats\Downloaded\2018-10-25 ECC-A,Data,ECC_20181010_224004.wac,1798.001333,2018-10-10,22:40:04,22,2018-10-10,10:40:04,10,,,,,,,,,,,,,1,,,,,,ycjwLzwHOUiivTMbIid2Mg==
E:\Eccles Bats\Downloaded\2018-10-25 ECC-A,Data,ECC_20181010_231004.wac,1798.001333,2018-10-10,23:10:04,23,2018-10-10,11:10:04,11,,,,,,,,,,,,,1,,,,,,eP2hvrr0Lbk7Gcor2CVhUQ==
E:\Eccles Bats\Downloaded\2018-10-25 ECC-A,Data,ECC_20181010_234004.wac,1798.001333,2018-10-10,23:40:04,23,2018-10-10,11:40:04,11,,,,,,,,,,,,,1,,,,,,/F4S8wBlEpKDRRIE2KvIfw==
E:\Eccles Bats\Downloaded\2018-10-25 ECC-A,Data,ECC_20181011_001005.wac,1797.001333,2018-10-11,00:10:05,0,2018-10-10,12:10:05,12,,,,,,,,,,,,,1,,,,,,5al5gjNVfRI9Cf3M4AoC1Q==
E:\Eccles Bats\Downloaded\2018-10-25 ECC-A,Data,ECC_20181011_004004.wac,1798.001333,2018-10-11,00:40:04,0,2018-10-10,12:40:04,12,,,,,,,,,,,,,1,,,,,,hLrpIoxdlgdx44Dc0Cwdww==
E:\Eccles Bats\Downloaded\2018-10-25 ECC-A,Data,ECC_20181011_011008.wac,1794.001333,2018-10-11,01:10:08,1,2018-10-10,13:10:08,13,,,,,,,,,,,,,1,,,,,,DRQFNYucOU9a6PaubJEP9g==
E:\Eccles Bats\Downloaded\2018-10-25 ECC-A,Data,ECC_20181011_014004.wac,1798.001333,2018-10-11,01:40:04,1,2018-10-10,13:40:04,13,,,,,,,,,,,,,1,,,,,,reBr/3FtY/itqg0dCMcb4Q==
E:\Eccles Bats\Downloaded\2018-10-25 ECC-A,Data,ECC_20181011_021004.wac,1798.001333,2018-10-11,02:10:04,2,2018-10-10,14:10:04,14,,,,,,,,,,,,,1,,,,,,4V9msGGSAcfvV9q6yDopoA==
E:\Eccles Bats\Downloaded\2018-10-25 ECC-A,Data,ECC_20181011_024004.wac,1798.001333,2018-10-11,02:40:04,2,2018-10-10,14:40:04,14,,,,,,,,,,,,,1,,,,,,q1T1CQxeeFk6+PrKNeXqvA==
E:\Eccles Bats\Downloaded\2018-10-25 ECC-A,Data,ECC_20181011_031004.wac,1798.001333,2018-10-11,03:10:04,3,2018-10-10,15:10:04,15,,,,,,,,,,,,,1,,,,,,Wf1AB0WwHu6Sf2QjRH9M4Q==
E:\Eccles Bats\Downloaded\2018-10-25 ECC-A,Data,ECC_20181011_034004.wac,1798.001333,2018-10-11,03:40:04,3,2018-10-10,15:40:04,15,,,,,,,,,,,,,1,,,,,,/BK9mXWYIW/xp1x/Psr8Vg==
E:\Eccles Bats\Downloaded\2018-10-25 ECC-A,Data,ECC_20181011_041004.wac,1798.001333,2018-10-11,04:10:04,4,2018-10-10,16:10:04,16,,,,,,,,,,,,,1,,,,,,j6l6Gk51/Jw9TC1c+ZfYyg==
E:\Eccles Bats\Downloaded\2018-10-25 ECC-A,Data,ECC_20181011_044004.wac,1798.001333,2018-10-11,04:40:04,4,2018-10-10,16:40:04,16,,,,,,,,,,,,,1,,,,,,3Zg/0bP6N5UaQDohYASXTw==
E:\Eccles Bats\Downloaded\2018-10-25 ECC-A,Data,ECC_20181011_051004.wac,1798.001333,2018-10-11,05:10:04,5,2018-10-10,17:10:04,17,,,,,,,,,,,,,1,,,,,,bgvpfjOE1xTwN0EUnZmk4A==
E:\Eccles Bats\Downloaded\2018-10-25 ECC-A,Data,ECC_20181011_054004.wac,1798.001333,2018-10-11,05:40:04,5,2018-10-10,17:40:04,17,,,,,,,,,,,,,1,,,,,,Pa9gC2EbAFWWXA0gepUAjg==
E:\Eccles Bats\Downloaded\2018-10-25 ECC-A,Data,ECC_20181011_061004.wac,1798.001333,2018-10-11,06:10:04,6,2018-10-10,18:10:04,18,,,,,,,,,,,,,1,,,,,,CMl5IyEigKeVMIULukjiSQ==
E:\Eccles Bats\Downloaded\2018-10-25 ECC-A,Data,ECC_20181011_064004.wac,118.001333,2018-10-11,06:40:04,6,2018-10-10,18:40:04,18,,,,,,,,,,,,,1,,,,,,CW7c7tZdIkLyD1hTgVSpfQ==
E:\Eccles Bats\Downloaded\2018-10-25 ECC-A,Data,ECC_20181011_170802.wac,1800.001333,2018-10-11,17:08:02,17,2018-10-11,05:08:02,5,,,,,,,,,,,,,1,,,,,,X8Hmq49iOkUdxzS6yZyAuQ==
E:\Eccles Bats\Downloaded\2018-10-25 ECC-A,Data,ECC_20181011_173804.wac,1798.001333,2018-10-11,17:38:04,17,2018-10-11,05:38:04,5,,,,,,,,,,,,,1,,,,,,uTr5TqKmjG6yyxKiytyBcQ==
E:\Eccles Bats\Downloaded\2018-10-25 ECC-A,Data,ECC_20181011_163800.wac,1800.001333,2018-10-11,16:38:00,16,2018-10-11,04:38:00,4,,,,,,,,,,,,,1,,,,,,GTHtOmO+04AZTIQRjs4vZg==
E:\Eccles Bats\Downloaded\2018-10-25 ECC-A,Data,ECC_20181011_180804.wac,1798.001333,2018-10-11,18:08:04,18,2018-10-11,06:08:04,6,,,,,,,,,,,,,1,,,,,,LibH194DFKYacc6AtNqaGw==
E:\Eccles Bats\Downloaded\2018-10-25 ECC-A,Data,ECC_20181011_183804.wac,1798.001333,2018-10-11,18:38:04,18,2018-10-11,06:38:04,6,,,,,,,,,,,,,1,,,,,,DvptsY8d5NEXro0h+YxtQw==
E:\Eccles Bats\Downloaded\2018-10-25 ECC-A,Data,ECC_20181011_190804.wac,1798.001333,2018-10-11,19:08:04,19,2018-10-11,07:08:04,7,,,,,,,,,,,,,1,,,,,,nHPiNYZoDnw7qeyDCny2PA==
E:\Eccles Bats\Downloaded\2018-10-25 ECC-A,Data,ECC_20181011_193804.wac,1798.001333,2018-10-11,19:38:04,19,2018-10-11,07:38:04,7,,,,,,,,,,,,,1,,,,,,+XLVsNAFRzkM1sx1HqKGag==
E:\Eccles Bats\Downloaded\2018-10-25 ECC-A,Data,ECC_20181011_200804.wac,1798.001333,2018-10-11,20:08:04,20,2018-10-11,08:08:04,8,,,,,,,,,,,,,1,,,,,,npMacRzWrH0h9Tz5gbMW3w==
E:\Eccles Bats\Downloaded\2018-10-25 ECC-A,Data,ECC_20181011_203804.wac,1798.001333,2018-10-11,20:38:04,20,2018-10-11,08:38:04,8,,,,,,,,,,,,,1,,,,,,OsU8/L4udJkQmOtTtj4H4Q==
E:\Eccles Bats\Downloaded\2018-10-25 ECC-A,Data,ECC_20181011_210804.wac,1798.001333,2018-10-11,21:08:04,21,2018-10-11,09:08:04,9,,,,,,,,,,,,,1,,,,,,RKOR6ZCvu9io/ebwztoBBg==
E:\Eccles Bats\Downloaded\2018-10-25 ECC-A,Data,ECC_20181011_213804.wac,1798.001333,2018-10-11,21:38:04,21,2018-10-11,09:38:04,9,,,,,,,,,,,,,1,,,,,,0oDj602uFbbzRMBJPy+o2w==
E:\Eccles Bats\Downloaded\2018-10-25 ECC-A,Data,ECC_20181011_220804.wac,1798.001333,2018-10-11,22:08:04,22,2018-10-11,10:08:04,10,,,,,,,,,,,,,1,,,,,,0wmiYnf9o9CjgH7si5fLyA==
E:\Eccles Bats\Downloaded\2018-10-25 ECC-A,Data,ECC_20181011_223804.wac,1798.001333,2018-10-11,22:38:04,22,2018-10-11,10:38:04,10,,,,,,,,,,,,,1,,,,,,UMv2YRbzWq6RtOZANIZg1Q==
E:\Eccles Bats\Downloaded\2018-10-25 ECC-A,Data,ECC_20181011_230804.wac,1798.001333,2018-10-11,23:08:04,23,2018-10-11,11:08:04,11,,,,,,,,,,,,,1,,,,,,WSvFaqvlPv96Oht2Tcioxw==
E:\Eccles Bats\Downloaded\2018-10-25 ECC-A,Data,ECC_20181011_233804.wac,1798.001333,2018-10-11,23:38:04,23,2018-10-11,11:38:04,11,,,,,,,,,,,,,1,,,,,,3Uv/fEpmb5v+8rc5Y3CLhw==
E:\Eccles Bats\Downloaded\2018-10-25 ECC-A,Data,ECC_20181012_000804.wac,1798.001333,2018-10-12,00:08:04,0,2018-10-11,12:08:04,12,,,,,,,,,,,,,1,,,,,,GqVT51FJiCf7XpvPQHxhXg==
E:\Eccles Bats\Downloaded\2018-10-25 ECC-A,Data,ECC_20181012_003804.wac,1798.001333,2018-10-12,00:38:04,0,2018-10-11,12:38:04,12,,,,,,,,,,,,,1,,,,,,uWroZCsZZtupVFhLldbSlg==
E:\Eccles Bats\Downloaded\2018-10-25 ECC-A,Data,ECC_20181012_010804.wac,1798.001333,2018-10-12,01:08:04,1,2018-10-11,13:08:04,13,,,,,,,,,,,,,1,,,,,,ovDWE/VZEHDyXW3KAq78nQ==
E:\Eccles Bats\Downloaded\2018-10-25 ECC-A,Data,ECC_20181012_020804.wac,1798.001333,2018-10-12,02:08:04,2,2018-10-11,14:08:04,14,,,,,,,,,,,,,1,,,,,,cpfQhaiJetLjjD61rgIZww==
E:\Eccles Bats\Downloaded\2018-10-25 ECC-A,Data,ECC_20181012_013804.wac,1798.001333,2018-10-12,01:38:04,1,2018-10-11,13:38:04,13,,,,,,,,,,,,,1,,,,,,IifoGY759Z2WMKCmfsdm7g==
E:\Eccles Bats\Downloaded\2018-10-25 ECC-A,Data,ECC_20181012_030804.wac,1798.001333,2018-10-12,03:08:04,3,2018-10-11,15:08:04,15,,,,,,,,,,,,,1,,,,,,B40fL4/GRjlJukR/eRvd0A==
E:\Eccles Bats\Downloaded\2018-10-25 ECC-A,Data,ECC_20181012_023804.wac,1798.001333,2018-10-12,02:38:04,2,2018-10-11,14:38:04,14,,,,,,,,,,,,,1,,,,,,mnwoyAE13wZe9EA8AbZLDQ==
E:\Eccles Bats\Downloaded\2018-10-25 ECC-A,Data,ECC_20181012_033804.wac,1798.001333,2018-10-12,03:38:04,3,2018-10-11,15:38:04,15,,,,,,,,,,,,,1,,,,,,uGaS9ejFGSQVutU02Ofs6w==
E:\Eccles Bats\Downloaded\2018-10-25 ECC-A,Data,ECC_20181012_040804.wac,1798.001333,2018-10-12,04:08:04,4,2018-10-11,16:08:04,16,,,,,,,,,,,,,1,,,,,,QUiV8QcwB/kE3l48Keh1xQ==
E:\Eccles Bats\Downloaded\2018-10-25 ECC-A,Data,ECC_20181012_043804.wac,1798.001333,2018-10-12,04:38:04,4,2018-10-11,16:38:04,16,,,,,,,,,,,,,1,,,,,,uylpV90BvwcfwdGWfugMIQ==
E:\Eccles Bats\Downloaded\2018-10-25 ECC-A,Data,ECC_20181012_050804.wac,1798.001333,2018-10-12,05:08:04,5,2018-10-11,17:08:04,17,,,,,,,,,,,,,1,,,,,,R/QosiAHC4D0IvATn1CJFQ==
E:\Eccles Bats\Downloaded\2018-10-25 ECC-A,Data,ECC_20181012_060804.wac,1798.001333,2018-10-12,06:08:04,6,2018-10-11,18:08:04,18,,,,,,,,,,,,,1,,,,,,AJvt29XA0evPLjHyzNu1tA==
E:\Eccles Bats\Downloaded\2018-10-25 ECC-A,Data,ECC_20181012_053804.wac,1798.001333,2018-10-12,05:38:04,5,2018-10-11,17:38:04,17,,,,,,,,,,,,,1,,,,,,YihOtwifLEz6uLPqWs+ZrQ==
E:\Eccles Bats\Downloaded\2018-10-25 ECC-A,Data,ECC_20181012_063804.wac,358.001333,2018-10-12,06:38:04,6,2018-10-11,18:38:04,18,,,,,,,,,,,,,1,,,,,,PXMoY5yd1dfZrI8QMKCLHA==
E:\Eccles Bats\Downloaded\2018-10-25 ECC-A,Data,ECC_20181012_163600.wac,1800.001333,2018-10-12,16:36:00,16,2018-10-12,04:36:00,4,,,,,,,,,,,,,1,,,,,,IMqop2MONDjIfWjPWUN2Qw==
E:\Eccles Bats\Downloaded\2018-10-25 ECC-A,Data,ECC_20181012_170602.wac,1800.001333,2018-10-12,17:06:02,17,2018-10-12,05:06:02,5,,,,,,,,,,,,,1,,,,,,5N3NuzDLe8KkOpx6pQX7mQ==
E:\Eccles Bats\Downloaded\2018-10-25 ECC-A,Data,ECC_20181012_173604.wac,1798.001333,2018-10-12,17:36:04,17,2018-10-12,05:36:04,5,,,,,,,,,,,,,1,,,,,,SCh3iEByL+PJI29hBIRuiQ==
E:\Eccles Bats\Downloaded\2018-10-25 ECC-A,Data,ECC_20181012_183604.wac,1798.001333,2018-10-12,18:36:04,18,2018-10-12,06:36:04,6,,,,,,,,,,,,,1,,,,,,UG6oCAMfYgYFjFvISNCB4A==
E:\Eccles Bats\Downloaded\2018-10-25 ECC-A,Data,ECC_20181012_180604.wac,1798.001333,2018-10-12,18:06:04,18,2018-10-12,06:06:04,6,,,,,,,,,,,,,1,,,,,,LsIsEzF2cGm1+b007y0qdg==
E:\Eccles Bats\Downloaded\2018-10-25 ECC-A,Data,ECC_20181012_190604.wac,1798.001333,2018-10-12,19:06:04,19,2018-10-12,07:06:04,7,,,,,,,,,,,,,1,,,,,,02QoYJQAy+cppmylm4ta5Q==
E:\Eccles Bats\Downloaded\2018-10-25 ECC-A,Data,ECC_20181012_193606.wac,1796.001333,2018-10-12,19:36:06,19,2018-10-12,07:36:06,7,,,,,,,,,,,,,1,,,,,,7lAkJLApXisZ/hFL4j3ulA==
E:\Eccles Bats\Downloaded\2018-10-25 ECC-A,Data,ECC_20181012_200604.wac,1798.001333,2018-10-12,20:06:04,20,2018-10-12,08:06:04,8,,,,,,,,,,,,,1,,,,,,u1JJeKrF9/S0e0sjcUA99g==
E:\Eccles Bats\Downloaded\2018-10-25 ECC-A,Data,ECC_20181012_203604.wac,1798.001333,2018-10-12,20:36:04,20,2018-10-12,08:36:04,8,,,,,,,,,,,,,1,,,,,,7zwDUL6zDLIML4od3T9qfQ==
E:\Eccles Bats\Downloaded\2018-10-25 ECC-A,Data,ECC_20181012_210604.wac,1798.001333,2018-10-12,21:06:04,21,2018-10-12,09:06:04,9,,,,,,,,,,,,,1,,,,,,L6T7y1yeC/VK7osMMMbgLA==
E:\Eccles Bats\Downloaded\2018-10-25 ECC-A,Data,ECC_20181012_213604.wac,1798.001333,2018-10-12,21:36:04,21,2018-10-12,09:36:04,9,,,,,,,,,,,,,1,,,,,,r22JnCBOBDc8FYCkMKCfFg==
E:\Eccles Bats\Downloaded\2018-10-25 ECC-A,Data,ECC_20181012_220604.wac,1798.001333,2018-10-12,22:06:04,22,2018-10-12,10:06:04,10,,,,,,,,,,,,,1,,,,,,Hhq931nHp/bI8YiQimlyyQ==
E:\Eccles Bats\Downloaded\2018-10-25 ECC-A,Data,ECC_20181012_233604.wac,1798.001333,2018-10-12,23:36:04,23,2018-10-12,11:36:04,11,,,,,,,,,,,,,1,,,,,,kzcZjMfAP0IwJVTGC9WbWQ==
E:\Eccles Bats\Downloaded\2018-10-25 ECC-A,Data,ECC_20181013_000607.wac,1795.001333,2018-10-13,00:06:07,0,2018-10-12,12:06:07,12,,,,,,,,,,,,,1,,,,,,ucLo7i/Zmqx7o03Cm+1u+A==
E:\Eccles Bats\Downloaded\2018-10-25 ECC-A,Data,ECC_20181012_223604.wac,1798.001333,2018-10-12,22:36:04,22,2018-10-12,10:36:04,10,,,,,,,,,,,,,1,,,,,,qlKTmpNaePewbOiYGqSE1A==
E:\Eccles Bats\Downloaded\2018-10-25 ECC-A,Data,ECC_20181012_230606.wac,1796.001333,2018-10-12,23:06:06,23,2018-10-12,11:06:06,11,,,,,,,,,,,,,1,,,,,,nF4Ib4PPAt46Nvufif0ZcA==
E:\Eccles Bats\Downloaded\2018-10-25 ECC-A,Data,ECC_20181013_003604.wac,1798.001333,2018-10-13,00:36:04,0,2018-10-12,12:36:04,12,,,,,,,,,,,,,1,,,,,,7obm52rCHqrTgD+D7E500w==
E:\Eccles Bats\Downloaded\2018-10-25 ECC-A,Data,ECC_20181013_010604.wac,1798.001333,2018-10-13,01:06:04,1,2018-10-12,13:06:04,13,,,,,,,,,,,,,1,,,,,,lkaJtW34N5mY98QydTeHNQ==
E:\Eccles Bats\Downloaded\2018-10-25 ECC-A,Data,ECC_20181013_013608.wac,1794.001333,2018-10-13,01:36:08,1,2018-10-12,13:36:08,13,,,,,,,,,,,,,1,,,,,,JiB3IIvlpuJGE67GFLxk7g==
E:\Eccles Bats\Downloaded\2018-10-25 ECC-A,Data,ECC_20181013_020608.wac,1794.001333,2018-10-13,02:06:08,2,2018-10-12,14:06:08,14,,,,,,,,,,,,,1,,,,,,e35AX6uAEXU7ZX06rD1YbQ==
E:\Eccles Bats\Downloaded\2018-10-25 ECC-A,Data,ECC_20181013_023605.wac,1797.001333,2018-10-13,02:36:05,2,2018-10-12,14:36:05,14,,,,,,,,,,,,,1,,,,,,AmwPmrgRYhJcZ4JTzB5LcQ==
E:\Eccles Bats\Downloaded\2018-10-25 ECC-A,Data,ECC_20181013_030611.wac,1791.001333,2018-10-13,03:06:11,3,2018-10-12,15:06:11,15,,,,,,,,,,,,,1,,,,,,xUr6OcY/3Hg4QWhJ9oHt2w==
E:\Eccles Bats\Downloaded\2018-10-25 ECC-A,Data,ECC_20181013_033613.wac,1789.001333,2018-10-13,03:36:13,3,2018-10-12,15:36:13,15,,,,,,,,,,,,,1,,,,,,MFkyTQ2kQOKHzpd8ORl02Q==
E:\Eccles Bats\Downloaded\2018-10-25 ECC-A,Data,ECC_20181013_040606.wac,1796.001333,2018-10-13,04:06:06,4,2018-10-12,16:06:06,16,,,,,,,,,,,,,1,,,,,,cGTsw0R5ENPqF20jCv3taQ==
E:\Eccles Bats\Downloaded\2018-10-25 ECC-A,Data,ECC_20181013_043605.wac,1797.001333,2018-10-13,04:36:05,4,2018-10-12,16:36:05,16,,,,,,,,,,,,,1,,,,,,4oayjBALooX+SX9M8ZPE7Q==
E:\Eccles Bats\Downloaded\2018-10-25 ECC-A,Data,ECC_20181013_050604.wac,1798.001333,2018-10-13,05:06:04,5,2018-10-12,17:06:04,17,,,,,,,,,,,,,1,,,,,,5ziKC7yGoIw8Bsnfa+ROHA==
E:\Eccles Bats\Downloaded\2018-10-25 ECC-A,Data,ECC_20181013_053604.wac,1798.001333,2018-10-13,05:36:04,5,2018-10-12,17:36:04,17,,,,,,,,,,,,,1,,,,,,oV7lJbVRcczuHaKDQwdhRg==
E:\Eccles Bats\Downloaded\2018-10-25 ECC-A,Data,ECC_20181013_060604.wac,1798.001333,2018-10-13,06:06:04,6,2018-10-12,18:06:04,18,,,,,,,,,,,,,1,,,,,,k2aAnvtAS0klqusutAoKGw==
E:\Eccles Bats\Downloaded\2018-10-25 ECC-A,Data,ECC_20181013_063604.wac,598.001333,2018-10-13,06:36:04,6,2018-10-12,18:36:04,18,,,,,,,,,,,,,1,,,,,,G0M1zbwXqEkEWfCwLgHK0A==
E:\Eccles Bats\Downloaded\2018-10-25 ECC-A,Data,ECC_20181013_170302.wac,1800.001333,2018-10-13,17:03:02,17,2018-10-13,05:03:02,5,,,,,,,,,,,,,1,,,,,,a+S7RPUc69EcSH8s9aWnBQ==
E:\Eccles Bats\Downloaded\2018-10-25 ECC-A,Data,ECC_20181013_163300.wac,1800.001333,2018-10-13,16:33:00,16,2018-10-13,04:33:00,4,,,,,,,,,,,,,1,,,,,,+k9scMrHfuMu3+qPmhQ27g==
E:\Eccles Bats\Downloaded\2018-10-25 ECC-A,Data,ECC_20181013_173304.wac,1798.001333,2018-10-13,17:33:04,17,2018-10-13,05:33:04,5,,,,,,,,,,,,,1,,,,,,WrWswrYcPD5fCgyN9v2jlg==
E:\Eccles Bats\Downloaded\2018-10-25 ECC-A,Data,ECC_20181013_180304.wac,1798.001333,2018-10-13,18:03:04,18,2018-10-13,06:03:04,6,,,,,,,,,,,,,1,,,,,,Hu19BDn+HzylWiuMP1NPsQ==
E:\Eccles Bats\Downloaded\2018-10-25 ECC-A,Data,ECC_20181013_183304.wac,1798.001333,2018-10-13,18:33:04,18,2018-10-13,06:33:04,6,,,,,,,,,,,,,1,,,,,,u4JqzFajOzxS5Qfs49zL0g==
E:\Eccles Bats\Downloaded\2018-10-25 ECC-A,Data,ECC_20181013_190304.wac,1798.001333,2018-10-13,19:03:04,19,2018-10-13,07:03:04,7,,,,,,,,,,,,,1,,,,,,78vF/N45TSBT9QQfEXMVig==
E:\Eccles Bats\Downloaded\2018-10-25 ECC-A,Data,ECC_20181013_193304.wac,1798.001333,2018-10-13,19:33:04,19,2018-10-13,07:33:04,7,,,,,,,,,,,,,1,,,,,,wVM6DyIjTluybiLPxHF65w==
E:\Eccles Bats\Downloaded\2018-10-25 ECC-A,Data,ECC_20181013_200304.wac,1798.001333,2018-10-13,20:03:04,20,2018-10-13,08:03:04,8,,,,,,,,,,,,,1,,,,,,oZ5g2tOqga+xf4QxVJ4Djg==
E:\Eccles Bats\Downloaded\2018-10-25 ECC-A,Data,ECC_20181013_203304.wac,1798.001333,2018-10-13,20:33:04,20,2018-10-13,08:33:04,8,,,,,,,,,,,,,1,,,,,,bGCvDo8LggVOAxkBJUTbqw==
E:\Eccles Bats\Downloaded\2018-10-25 ECC-A,Data,ECC_20181013_210304.wac,1798.001333,2018-10-13,21:03:04,21,2018-10-13,09:03:04,9,,,,,,,,,,,,,1,,,,,,a998iObS45UPHfzE4RYqKg==
E:\Eccles Bats\Downloaded\2018-10-25 ECC-A,Data,ECC_20181013_213304.wac,1798.001333,2018-10-13,21:33:04,21,2018-10-13,09:33:04,9,,,,,,,,,,,,,1,,,,,,YCJswocY7WeW7Byla7/KCw==
E:\Eccles Bats\Downloaded\2018-10-25 ECC-A,Data,ECC_20181013_220304.wac,1798.001333,2018-10-13,22:03:04,22,2018-10-13,10:03:04,10,,,,,,,,,,,,,1,,,,,,lE1YUqitSiwVP/cSTVfQuQ==
E:\Eccles Bats\Downloaded\2018-10-25 ECC-A,Data,ECC_20181013_223304.wac,1798.001333,2018-10-13,22:33:04,22,2018-10-13,10:33:04,10,,,,,,,,,,,,,1,,,,,,PrmfP6OzHW8jC9L9N0PD/w==
E:\Eccles Bats\Downloaded\2018-10-25 ECC-A,Data,ECC_20181013_230304.wac,1798.001333,2018-10-13,23:03:04,23,2018-10-13,11:03:04,11,,,,,,,,,,,,,1,,,,,,odju0tvoVnJxZN31Dxm+nw==
E:\Eccles Bats\Downloaded\2018-10-25 ECC-A,Data,ECC_20181013_233304.wac,1798.001333,2018-10-13,23:33:04,23,2018-10-13,11:33:04,11,,,,,,,,,,,,,1,,,,,,raYDtyakpfydndQbhitQsA==
E:\Eccles Bats\Downloaded\2018-10-25 ECC-A,Data,ECC_20181014_000304.wac,1798.001333,2018-10-14,00:03:04,0,2018-10-13,12:03:04,12,,,,,,,,,,,,,1,,,,,,VbJ48ZlOXt3NnlEw+EiiYA==
E:\Eccles Bats\Downloaded\2018-10-25 ECC-A,Data,ECC_20181014_003304.wac,1798.001333,2018-10-14,00:33:04,0,2018-10-13,12:33:04,12,,,,,,,,,,,,,1,,,,,,xQsrjpLicJ7tQyjAJdtFoA==
E:\Eccles Bats\Downloaded\2018-10-25 ECC-A,Data,ECC_20181014_010304.wac,1798.001333,2018-10-14,01:03:04,1,2018-10-13,13:03:04,13,,,,,,,,,,,,,1,,,,,,9Ed0Gh+dl8avY4OJVJZOPA==
E:\Eccles Bats\Downloaded\2018-10-25 ECC-A,Data,ECC_20181014_013304.wac,1798.001333,2018-10-14,01:33:04,1,2018-10-13,13:33:04,13,,,,,,,,,,,,,1,,,,,,HavToqZYg0EEJ2j79uPJPw==
E:\Eccles Bats\Downloaded\2018-10-25 ECC-A,Data,ECC_20181014_020304.wac,1798.001333,2018-10-14,02:03:04,2,2018-10-13,14:03:04,14,,,,,,,,,,,,,1,,,,,,u60BRklhVT9mwpfpAosTLg==
E:\Eccles Bats\Downloaded\2018-10-25 ECC-A,Data,ECC_20181014_023304.wac,1798.001333,2018-10-14,02:33:04,2,2018-10-13,14:33:04,14,,,,,,,,,,,,,1,,,,,,6WabQet9c13l6oyJZJi4Bw==
E:\Eccles Bats\Downloaded\2018-10-25 ECC-A,Data,ECC_20181014_030304.wac,1798.001333,2018-10-14,03:03:04,3,2018-10-13,15:03:04,15,,,,,,,,,,,,,1,,,,,,AColKf9pfAfYguvICImsQA==
E:\Eccles Bats\Downloaded\2018-10-25 ECC-A,Data,ECC_20181014_033304.wac,1798.001333,2018-10-14,03:33:04,3,2018-10-13,15:33:04,15,,,,,,,,,,,,,1,,,,,,vwfCnNeTid6Fn8diEMqgYA==
E:\Eccles Bats\Downloaded\2018-10-25 ECC-A,Data,ECC_20181014_040304.wac,1798.001333,2018-10-14,04:03:04,4,2018-10-13,16:03:04,16,,,,,,,,,,,,,1,,,,,,Z3k/8YNG1QqNe/zorS/LtA==
E:\Eccles Bats\Downloaded\2018-10-25 ECC-A,Data,ECC_20181014_043304.wac,1798.001333,2018-10-14,04:33:04,4,2018-10-13,16:33:04,16,,,,,,,,,,,,,1,,,,,,8BsH5ueHG4eq/9Lh9Ay8tQ==
E:\Eccles Bats\Downloaded\2018-10-25 ECC-A,Data,ECC_20181014_050304.wac,1798.001333,2018-10-14,05:03:04,5,2018-10-13,17:03:04,17,,,,,,,,,,,,,1,,,,,,UL0WtFBOeOCc8iNzIbvgYg==
E:\Eccles Bats\Downloaded\2018-10-25 ECC-A,Data,ECC_20181014_053304.wac,1798.001333,2018-10-14,05:33:04,5,2018-10-13,17:33:04,17,,,,,,,,,,,,,1,,,,,,n2Q6Z8DTh3mM71U5uz0+zw==
E:\Eccles Bats\Downloaded\2018-10-25 ECC-A,Data,ECC_20181014_060304.wac,1798.001333,2018-10-14,06:03:04,6,2018-10-13,18:03:04,18,,,,,,,,,,,,,1,,,,,,Wf8+zrxvmJaxULbAxoVj/w==
E:\Eccles Bats\Downloaded\2018-10-25 ECC-A,Data,ECC_20181014_063304.wac,838.001333,2018-10-14,06:33:04,6,2018-10-13,18:33:04,18,,,,,,,,,,,,,1,,,,,,9hITfUhV53x5h3E/JrlSRw==
E:\Eccles Bats\Downloaded\2018-10-25 ECC-A,Data,ECC_20181014_170109.wac,1793.001333,2018-10-14,17:01:09,17,2018-10-14,05:01:09,5,,,,,,,,,,,,,1,,,,,,x0Aiz4OMv8Dcg1usPdySsw==
E:\Eccles Bats\Downloaded\2018-10-25 ECC-A,Data,ECC_20181014_173104.wac,1798.001333,2018-10-14,17:31:04,17,2018-10-14,05:31:04,5,,,,,,,,,,,,,1,,,,,,BAjc1WabSHieCl1t8NLhRQ==
E:\Eccles Bats\Downloaded\2018-10-25 ECC-A,Data,ECC_20181014_180104.wac,1798.001333,2018-10-14,18:01:04,18,2018-10-14,06:01:04,6,,,,,,,,,,,,,1,,,,,,+qELeloJHnqq4dNkBE0APg==
E:\Eccles Bats\Downloaded\2018-10-25 ECC-A,Data,ECC_20181014_183114.wac,1788.001333,2018-10-14,18:31:14,18,2018-10-14,06:31:14,6,,,,,,,,,,,,,1,,,,,,aj5MIZwZWigoDke4jytImw==
E:\Eccles Bats\Downloaded\2018-10-25 ECC-A,Data,ECC_20181014_163100.wac,1800.001333,2018-10-14,16:31:00,16,2018-10-14,04:31:00,4,,,,,,,,,,,,,1,,,,,,nmQKCzxVrbYtcJpkOETCeQ==
E:\Eccles Bats\Downloaded\2018-10-25 ECC-A,Data,ECC_20181014_190104.wac,1798.001333,2018-10-14,19:01:04,19,2018-10-14,07:01:04,7,,,,,,,,,,,,,1,,,,,,3mwjkIqz3ABFuKzcjj3STA==
E:\Eccles Bats\Downloaded\2018-10-25 ECC-A,Data,ECC_20181014_193112.wac,1790.001333,2018-10-14,19:31:12,19,2018-10-14,07:31:12,7,,,,,,,,,,,,,1,,,,,,o2DRF/Bu0HaNWdmMOqLgKw==
E:\Eccles Bats\Downloaded\2018-10-25 ECC-A,Data,ECC_20181014_200107.wac,1795.001333,2018-10-14,20:01:07,20,2018-10-14,08:01:07,8,,,,,,,,,,,,,1,,,,,,/+NAnuZqECAvkJYdthr9wg==
E:\Eccles Bats\Downloaded\2018-10-25 ECC-A,Data,ECC_20181014_203104.wac,1798.001333,2018-10-14,20:31:04,20,2018-10-14,08:31:04,8,,,,,,,,,,,,,1,,,,,,VKjetbOsQ4g4bbsRwo5R+Q==
E:\Eccles Bats\Downloaded\2018-10-25 ECC-A,Data,ECC_20181014_210106.wac,1796.001333,2018-10-14,21:01:06,21,2018-10-14,09:01:06,9,,,,,,,,,,,,,1,,,,,,vEInFlrfT3C2XdDeap1U1g==
E:\Eccles Bats\Downloaded\2018-10-25 ECC-A,Data,ECC_20181014_213104.wac,1798.001333,2018-10-14,21:31:04,21,2018-10-14,09:31:04,9,,,,,,,,,,,,,1,,,,,,n3JbuPrO9qUmbe6vwG9dwQ==
E:\Eccles Bats\Downloaded\2018-10-25 ECC-A,Data,ECC_20181014_220104.wac,1798.001333,2018-10-14,22:01:04,22,2018-10-14,10:01:04,10,,,,,,,,,,,,,1,,,,,,bpUjJyDPP8mpX0Oi4tOzqQ==
E:\Eccles Bats\Downloaded\2018-10-25 ECC-A,Data,ECC_20181014_223104.wac,1798.001333,2018-10-14,22:31:04,22,2018-10-14,10:31:04,10,,,,,,,,,,,,,1,,,,,,JmaSMGBbvwifQS4O5xnFRg==
E:\Eccles Bats\Downloaded\2018-10-25 ECC-A,Data,ECC_20181014_230104.wac,1798.001333,2018-10-14,23:01:04,23,2018-10-14,11:01:04,11,,,,,,,,,,,,,1,,,,,,85IvTlcSEziHals7gj2xMg==
E:\Eccles Bats\Downloaded\2018-10-25 ECC-A,Data,ECC_20181014_233104.wac,1798.001333,2018-10-14,23:31:04,23,2018-10-14,11:31:04,11,,,,,,,,,,,,,1,,,,,,g4gj5rFKGtjV49TLqrlgsw==
E:\Eccles Bats\Downloaded\2018-10-25 ECC-A,Data,ECC_20181015_000104.wac,1798.001333,2018-10-15,00:01:04,0,2018-10-14,12:01:04,12,,,,,,,,,,,,,1,,,,,,RuyXJS8G0OMR4+FJj7VJQg==
E:\Eccles Bats\Downloaded\2018-10-25 ECC-A,Data,ECC_20181015_003104.wac,1798.001333,2018-10-15,00:31:04,0,2018-10-14,12:31:04,12,,,,,,,,,,,,,1,,,,,,8RC82lVrwT8WLjzKkiIQ6g==
E:\Eccles Bats\Downloaded\2018-10-25 ECC-A,Data,ECC_20181015_010104.wac,1798.001333,2018-10-15,01:01:04,1,2018-10-14,13:01:04,13,,,,,,,,,,,,,1,,,,,,DsZ+GqbUEJFDvnc/ib5bFw==
E:\Eccles Bats\Downloaded\2018-10-25 ECC-A,Data,ECC_20181015_013104.wac,1798.001333,2018-10-15,01:31:04,1,2018-10-14,13:31:04,13,,,,,,,,,,,,,1,,,,,,/GGF5MuGN9kTVmcOQqSHdg==
E:\Eccles Bats\Downloaded\2018-10-25 ECC-A,Data,ECC_20181015_020104.wac,1798.001333,2018-10-15,02:01:04,2,2018-10-14,14:01:04,14,,,,,,,,,,,,,1,,,,,,hSbkNpeX6a0+Cp98evzuGg==
E:\Eccles Bats\Downloaded\2018-10-25 ECC-A,Data,ECC_20181015_023104.wac,1798.001333,2018-10-15,02:31:04,2,2018-10-14,14:31:04,14,,,,,,,,,,,,,1,,,,,,+3xB9G9zrOKPtx3iXyJFOg==
E:\Eccles Bats\Downloaded\2018-10-25 ECC-A,Data,ECC_20181015_030104.wac,1798.001333,2018-10-15,03:01:04,3,2018-10-14,15:01:04,15,,,,,,,,,,,,,1,,,,,,LrN8fX7ayPY8AIFio+ignA==
E:\Eccles Bats\Downloaded\2018-10-25 ECC-A,Data,ECC_20181015_033104.wac,1798.001333,2018-10-15,03:31:04,3,2018-10-14,15:31:04,15,,,,,,,,,,,,,1,,,,,,xK8B6cKFZQFgu/dY3CXO/Q==
E:\Eccles Bats\Downloaded\2018-10-25 ECC-A,Data,ECC_20181015_040104.wac,1798.001333,2018-10-15,04:01:04,4,2018-10-14,16:01:04,16,,,,,,,,,,,,,1,,,,,,PUfc3k/gMyW6SayLqUBNiw==
E:\Eccles Bats\Downloaded\2018-10-25 ECC-A,Data,ECC_20181015_043104.wac,1798.001333,2018-10-15,04:31:04,4,2018-10-14,16:31:04,16,,,,,,,,,,,,,1,,,,,,Q/uP+W3KYRPVuuW77dwAwA==
E:\Eccles Bats\Downloaded\2018-10-25 ECC-A,Data,ECC_20181015_050104.wac,1798.001333,2018-10-15,05:01:04,5,2018-10-14,17:01:04,17,,,,,,,,,,,,,1,,,,,,0nIUUvqkeiG7A0n9BYmhlg==
E:\Eccles Bats\Downloaded\2018-10-25 ECC-A,Data,ECC_20181015_053104.wac,1798.001333,2018-10-15,05:31:04,5,2018-10-14,17:31:04,17,,,,,,,,,,,,,1,,,,,,hdS0xFnTghwbdgxvWr4K1w==
E:\Eccles Bats\Downloaded\2018-10-25 ECC-A,Data,ECC_20181015_060104.wac,1798.001333,2018-10-15,06:01:04,6,2018-10-14,18:01:04,18,,,,,,,,,,,,,1,,,,,,pTBsLG2hS5IZxBrKcLYt+Q==
E:\Eccles Bats\Downloaded\2018-10-25 ECC-A,Data,ECC_20181015_063104.wac,1078.001333,2018-10-15,06:31:04,6,2018-10-14,18:31:04,18,,,,,,,,,,,,,1,,,,,,g4ugN2rEJyDnElqoRk0MTw==
E:\Eccles Bats\Downloaded\2018-10-25 ECC-A,Data,ECC_20181015_165902.wac,1800.001333,2018-10-15,16:59:02,16,2018-10-15,04:59:02,4,,,,,,,,,,,,,1,,,,,,dn+dI5OidbL6/RfNIKUTpg==
E:\Eccles Bats\Downloaded\2018-10-25 ECC-A,Data,ECC_20181015_172904.wac,1798.001333,2018-10-15,17:29:04,17,2018-10-15,05:29:04,5,,,,,,,,,,,,,1,,,,,,vLWWwTHem7gyNxwPlfHXQQ==
E:\Eccles Bats\Downloaded\2018-10-25 ECC-A,Data,ECC_20181015_162900.wac,1800.001333,2018-10-15,16:29:00,16,2018-10-15,04:29:00,4,,,,,,,,,,,,,1,,,,,,B0rruU/uIv3VL892PRGItw==
E:\Eccles Bats\Downloaded\2018-10-25 ECC-A,Data,ECC_20181015_175904.wac,1798.001333,2018-10-15,17:59:04,17,2018-10-15,05:59:04,5,,,,,,,,,,,,,1,,,,,,vS4L537ba75wrugQPrQ7/w==
E:\Eccles Bats\Downloaded\2018-10-25 ECC-A,Data,ECC_20181015_182904.wac,1798.001333,2018-10-15,18:29:04,18,2018-10-15,06:29:04,6,,,,,,,,,,,,,1,,,,,,46PLdYeupyYHwp7iVDvF3Q==
E:\Eccles Bats\Downloaded\2018-10-25 ECC-A,Data,ECC_20181015_185904.wac,1798.001333,2018-10-15,18:59:04,18,2018-10-15,06:59:04,6,,,,,,,,,,,,,1,,,,,,kM+B6+fH+isIJCeIGUZMsQ==
E:\Eccles Bats\Downloaded\2018-10-25 ECC-A,Data,ECC_20181015_192904.wac,1798.001333,2018-10-15,19:29:04,19,2018-10-15,07:29:04,7,,,,,,,,,,,,,1,,,,,,mJWWUbmU7b9Ilx2GaUA1JA==
E:\Eccles Bats\Downloaded\2018-10-25 ECC-A,Data,ECC_20181015_195904.wac,1798.001333,2018-10-15,19:59:04,19,2018-10-15,07:59:04,7,,,,,,,,,,,,,1,,,,,,tvp8CK6H2nQTC9YzciaNiQ==
E:\Eccles Bats\Downloaded\2018-10-25 ECC-A,Data,ECC_20181015_202904.wac,1798.001333,2018-10-15,20:29:04,20,2018-10-15,08:29:04,8,,,,,,,,,,,,,1,,,,,,mA0u5fzyeDeBwiB9cpeddQ==
E:\Eccles Bats\Downloaded\2018-10-25 ECC-A,Data,ECC_20181015_205904.wac,1798.001333,2018-10-15,20:59:04,20,2018-10-15,08:59:04,8,,,,,,,,,,,,,1,,,,,,vx3AT10ayOiHDS+HFP7shg==
E:\Eccles Bats\Downloaded\2018-10-25 ECC-A,Data,ECC_20181015_212904.wac,1798.001333,2018-10-15,21:29:04,21,2018-10-15,09:29:04,9,,,,,,,,,,,,,1,,,,,,+8AWoCwPShZCYnJRQnfnrQ==
E:\Eccles Bats\Downloaded\2018-10-25 ECC-A,Data,ECC_20181015_215904.wac,1798.001333,2018-10-15,21:59:04,21,2018-10-15,09:59:04,9,,,,,,,,,,,,,1,,,,,,QVap1ZO7pfCYa6YzBmA6lQ==
E:\Eccles Bats\Downloaded\2018-10-25 ECC-A,Data,ECC_20181015_222904.wac,1798.001333,2018-10-15,22:29:04,22,2018-10-15,10:29:04,10,,,,,,,,,,,,,1,,,,,,rhPPCQDCSbmhAJS0AvmJrQ==
E:\Eccles Bats\Downloaded\2018-10-25 ECC-A,Data,ECC_20181015_225904.wac,1798.001333,2018-10-15,22:59:04,22,2018-10-15,10:59:04,10,,,,,,,,,,,,,1,,,,,,8JpsorBqJw0opfRNorsqzg==
E:\Eccles Bats\Downloaded\2018-10-25 ECC-A,Data,ECC_20181015_232904.wac,1798.001333,2018-10-15,23:29:04,23,2018-10-15,11:29:04,11,,,,,,,,,,,,,1,,,,,,ewp0ECcvRZyk2URvq3JbKQ==
E:\Eccles Bats\Downloaded\2018-10-25 ECC-A,Data,ECC_20181015_235904.wac,1798.001333,2018-10-15,23:59:04,23,2018-10-15,11:59:04,11,,,,,,,,,,,,,1,,,,,,K5dJkMworqkayBzSmDGKYg==
E:\Eccles Bats\Downloaded\2018-10-25 ECC-A,Data,ECC_20181016_002904.wac,1798.001333,2018-10-16,00:29:04,0,2018-10-15,12:29:04,12,,,,,,,,,,,,,1,,,,,,bmutwFY66wG4AJ/SWN7uZA==
E:\Eccles Bats\Downloaded\2018-10-25 ECC-A,Data,ECC_20181016_005904.wac,1798.001333,2018-10-16,00:59:04,0,2018-10-15,12:59:04,12,,,,,,,,,,,,,1,,,,,,/tCKrLz1QHm4AcF5RJtyXg==
E:\Eccles Bats\Downloaded\2018-10-25 ECC-A,Data,ECC_20181016_012904.wac,1798.001333,2018-10-16,01:29:04,1,2018-10-15,13:29:04,13,,,,,,,,,,,,,1,,,,,,YeRJgq9TNZfLSU/0HYOG/A==
E:\Eccles Bats\Downloaded\2018-10-25 ECC-A,Data,ECC_20181016_015904.wac,1798.001333,2018-10-16,01:59:04,1,2018-10-15,13:59:04,13,,,,,,,,,,,,,1,,,,,,Rm1/DtfeKflUm9dmGB4e5A==
E:\Eccles Bats\Downloaded\2018-10-25 ECC-A,Data,ECC_20181016_022904.wac,1798.001333,2018-10-16,02:29:04,2,2018-10-15,14:29:04,14,,,,,,,,,,,,,1,,,,,,jEWXbdWJ1w3Czt3W5I36Dw==
E:\Eccles Bats\Downloaded\2018-10-25 ECC-A,Data,ECC_20181016_032904.wac,1798.001333,2018-10-16,03:29:04,3,2018-10-15,15:29:04,15,,,,,,,,,,,,,1,,,,,,MZq4Jce7eb4BLGsPj0iqRQ==
E:\Eccles Bats\Downloaded\2018-10-25 ECC-A,Data,ECC_20181016_025904.wac,1798.001333,2018-10-16,02:59:04,2,2018-10-15,14:59:04,14,,,,,,,,,,,,,1,,,,,,LmSkdmiVWU07CVuvI2X8Vg==
E:\Eccles Bats\Downloaded\2018-10-25 ECC-A,Data,ECC_20181016_035904.wac,1798.001333,2018-10-16,03:59:04,3,2018-10-15,15:59:04,15,,,,,,,,,,,,,1,,,,,,w4uhCvUmsXeWwmCCpW0/+g==
E:\Eccles Bats\Downloaded\2018-10-25 ECC-A,Data,ECC_20181016_042904.wac,1798.001333,2018-10-16,04:29:04,4,2018-10-15,16:29:04,16,,,,,,,,,,,,,1,,,,,,+T1wCk79TP5e+U+LYJm7ow==
E:\Eccles Bats\Downloaded\2018-10-25 ECC-A,Data,ECC_20181016_045904.wac,1798.001333,2018-10-16,04:59:04,4,2018-10-15,16:59:04,16,,,,,,,,,,,,,1,,,,,,ZDxSO4GrrnhTeqDGD/K5jA==
E:\Eccles Bats\Downloaded\2018-10-25 ECC-A,Data,ECC_20181016_052904.wac,1798.001333,2018-10-16,05:29:04,5,2018-10-15,17:29:04,17,,,,,,,,,,,,,1,,,,,,CDkmB1HV5mu8TnbB93bndA==
E:\Eccles Bats\Downloaded\2018-10-25 ECC-A,Data,ECC_20181016_055904.wac,1798.001333,2018-10-16,05:59:04,5,2018-10-15,17:59:04,17,,,,,,,,,,,,,1,,,,,,6JdgXocMiUtueAyoXzDjMQ==
E:\Eccles Bats\Downloaded\2018-10-25 ECC-A,Data,ECC_20181016_062904.wac,1318.001333,2018-10-16,06:29:04,6,2018-10-15,18:29:04,18,,,,,,,,,,,,,1,,,,,,EE7g3oQziP7nKeIjHio9JQ==
E:\Eccles Bats\Downloaded\2018-10-25 ECC-A,Data,ECC_20181016_165702.wac,1800.001333,2018-10-16,16:57:02,16,2018-10-16,04:57:02,4,,,,,,,,,,,,,1,,,,,,rJ4f8Mo2zf6561v/zwgEdw==
E:\Eccles Bats\Downloaded\2018-10-25 ECC-A,Data,ECC_20181016_172712.wac,1790.001333,2018-10-16,17:27:12,17,2018-10-16,05:27:12,5,,,,,,,,,,,,,1,,,,,,5jfYSc6IM4SOYR/8qPd9kA==
E:\Eccles Bats\Downloaded\2018-10-25 ECC-A,Data,ECC_20181016_162700.wac,1800.001333,2018-10-16,16:27:00,16,2018-10-16,04:27:00,4,,,,,,,,,,,,,1,,,,,,gjx4b9egj1I9xYLX3yGWBQ==
E:\Eccles Bats\Downloaded\2018-10-25 ECC-A,Data,ECC_20181016_182707.wac,1795.001333,2018-10-16,18:27:07,18,2018-10-16,06:27:07,6,,,,,,,,,,,,,1,,,,,,M0/05BSeCWAFn1O4Pobsfg==
E:\Eccles Bats\Downloaded\2018-10-25 ECC-A,Data,ECC_20181016_175707.wac,1795.001333,2018-10-16,17:57:07,17,2018-10-16,05:57:07,5,,,,,,,,,,,,,1,,,,,,HodRIyx/hCWzFXPSCsUfXQ==
E:\Eccles Bats\Downloaded\2018-10-25 ECC-A,Data,ECC_20181016_185705.wac,1797.001333,2018-10-16,18:57:05,18,2018-10-16,06:57:05,6,,,,,,,,,,,,,1,,,,,,aHOcfTSOqEazadLVA2a8mA==
E:\Eccles Bats\Downloaded\2018-10-25 ECC-A,Data,ECC_20181016_192708.wac,1794.001333,2018-10-16,19:27:08,19,2018-10-16,07:27:08,7,,,,,,,,,,,,,1,,,,,,aOUuaPERkmKqmnNykjDUHw==
E:\Eccles Bats\Downloaded\2018-10-25 ECC-A,Data,ECC_20181016_195704.wac,1798.001333,2018-10-16,19:57:04,19,2018-10-16,07:57:04,7,,,,,,,,,,,,,1,,,,,,4zIn88tC+9Eyt3eb23+Tww==
E:\Eccles Bats\Downloaded\2018-10-25 ECC-A,Data,ECC_20181016_202704.wac,1798.001333,2018-10-16,20:27:04,20,2018-10-16,08:27:04,8,,,,,,,,,,,,,1,,,,,,eZbZW65NfIkaTRq+KOKyIw==
E:\Eccles Bats\Downloaded\2018-10-25 ECC-A,Data,ECC_20181016_205704.wac,1798.001333,2018-10-16,20:57:04,20,2018-10-16,08:57:04,8,,,,,,,,,,,,,1,,,,,,t4yEHJYMcBOwC60lv8pNNg==
E:\Eccles Bats\Downloaded\2018-10-25 ECC-A,Data,ECC_20181016_212704.wac,1798.001333,2018-10-16,21:27:04,21,2018-10-16,09:27:04,9,,,,,,,,,,,,,1,,,,,,qNJMv0KYGz7CnMjlK8LgDg==
E:\Eccles Bats\Downloaded\2018-10-25 ECC-A,Data,ECC_20181016_215704.wac,1798.001333,2018-10-16,21:57:04,21,2018-10-16,09:57:04,9,,,,,,,,,,,,,1,,,,,,Byl5jVr+HK9cVMvZ0zg9gA==
E:\Eccles Bats\Downloaded\2018-10-25 ECC-A,Data,ECC_20181016_222704.wac,1798.001333,2018-10-16,22:27:04,22,2018-10-16,10:27:04,10,,,,,,,,,,,,,1,,,,,,SyunEvV7TvLj7paSrQ6qhA==
E:\Eccles Bats\Downloaded\2018-10-25 ECC-A,Data,ECC_20181016_225704.wac,1798.001333,2018-10-16,22:57:04,22,2018-10-16,10:57:04,10,,,,,,,,,,,,,1,,,,,,HVV02L0tKGcpjjqaXxjo2g==
E:\Eccles Bats\Downloaded\2018-10-25 ECC-A,Data,ECC_20181016_232704.wac,1798.001333,2018-10-16,23:27:04,23,2018-10-16,11:27:04,11,,,,,,,,,,,,,1,,,,,,MDDY4dn/Iv6kuzzOovMydQ==
E:\Eccles Bats\Downloaded\2018-10-25 ECC-A,Data,ECC_20181016_235704.wac,1798.001333,2018-10-16,23:57:04,23,2018-10-16,11:57:04,11,,,,,,,,,,,,,1,,,,,,LV0/P1F2negOZM8Z9WRBLA==
E:\Eccles Bats\Downloaded\2018-10-25 ECC-A,Data,ECC_20181017_002704.wac,1798.001333,2018-10-17,00:27:04,0,2018-10-16,12:27:04,12,,,,,,,,,,,,,1,,,,,,Ch07N5rM3Oi27deZZdPKIg==
E:\Eccles Bats\Downloaded\2018-10-25 ECC-A,Data,ECC_20181017_005704.wac,1798.001333,2018-10-17,00:57:04,0,2018-10-16,12:57:04,12,,,,,,,,,,,,,1,,,,,,QKhxqfd4wAA8eIf/daRoPA==
E:\Eccles Bats\Downloaded\2018-10-25 ECC-A,Data,ECC_20181017_012704.wac,1798.001333,2018-10-17,01:27:04,1,2018-10-16,13:27:04,13,,,,,,,,,,,,,1,,,,,,dLbDAVl1zXxf3qdtDUm6xQ==
E:\Eccles Bats\Downloaded\2018-10-25 ECC-A,Data,ECC_20181017_015704.wac,1798.001333,2018-10-17,01:57:04,1,2018-10-16,13:57:04,13,,,,,,,,,,,,,1,,,,,,2GY0X2Wxa8rDuSd0zQgJNg==
E:\Eccles Bats\Downloaded\2018-10-25 ECC-A,Data,ECC_20181017_022704.wac,1798.001333,2018-10-17,02:27:04,2,2018-10-16,14:27:04,14,,,,,,,,,,,,,1,,,,,,yelwa596Q/qH1aK6Gs/SeQ==
E:\Eccles Bats\Downloaded\2018-10-25 ECC-A,Data,ECC_20181017_025704.wac,1798.001333,2018-10-17,02:57:04,2,2018-10-16,14:57:04,14,,,,,,,,,,,,,1,,,,,,/lvSYGOvHH1QkInAEVaTxw==
E:\Eccles Bats\Downloaded\2018-10-25 ECC-A,Data,ECC_20181017_032704.wac,1798.001333,2018-10-17,03:27:04,3,2018-10-16,15:27:04,15,,,,,,,,,,,,,1,,,,,,yV1+z0VsuXtlt22pVu19SA==
E:\Eccles Bats\Downloaded\2018-10-25 ECC-A,Data,ECC_20181017_035704.wac,1798.001333,2018-10-17,03:57:04,3,2018-10-16,15:57:04,15,,,,,,,,,,,,,1,,,,,,Yensjthe+KjhW+DOpKalAQ==
E:\Eccles Bats\Downloaded\2018-10-25 ECC-A,Data,ECC_20181017_042704.wac,1798.001333,2018-10-17,04:27:04,4,2018-10-16,16:27:04,16,,,,,,,,,,,,,1,,,,,,HGsnvTb2gGk71fI9M6jZjQ==
E:\Eccles Bats\Downloaded\2018-10-25 ECC-A,Data,ECC_20181017_045704.wac,1798.001333,2018-10-17,04:57:04,4,2018-10-16,16:57:04,16,,,,,,,,,,,,,1,,,,,,2Gh3633ZUgmC/Fy/OEb8JQ==
E:\Eccles Bats\Downloaded\2018-10-25 ECC-A,Data,ECC_20181017_052704.wac,1798.001333,2018-10-17,05:27:04,5,2018-10-16,17:27:04,17,,,,,,,,,,,,,1,,,,,,XrKcYOBPdgWD70r8xZy5TQ==
E:\Eccles Bats\Downloaded\2018-10-25 ECC-A,Data,ECC_20181017_055704.wac,1798.001333,2018-10-17,05:57:04,5,2018-10-16,17:57:04,17,,,,,,,,,,,,,1,,,,,,dyY2iIE9afq0nRkMyw3kYw==
E:\Eccles Bats\Downloaded\2018-10-25 ECC-A,Data,ECC_20181017_062704.wac,1558.001333,2018-10-17,06:27:04,6,2018-10-16,18:27:04,18,,,,,,,,,,,,,1,,,,,,jV99Z1TjmxqGyDDCURCUlw==
E:\Eccles Bats\Downloaded\2018-10-25 ECC-A,Data,ECC_20181017_162400.wac,1800.001333,2018-10-17,16:24:00,16,2018-10-17,04:24:00,4,,,,,,,,,,,,,1,,,,,,NisHWSxd9pKZdUkpKPxlBg==
E:\Eccles Bats\Downloaded\2018-10-25 ECC-A,Data,ECC_20181017_165402.wac,1800.001333,2018-10-17,16:54:02,16,2018-10-17,04:54:02,4,,,,,,,,,,,,,1,,,,,,Nes4Afjp5BVgqJh5m8c1xw==
E:\Eccles Bats\Downloaded\2018-10-25 ECC-A,Data,ECC_20181017_172404.wac,1798.001333,2018-10-17,17:24:04,17,2018-10-17,05:24:04,5,,,,,,,,,,,,,1,,,,,,2Uls59LEAgnkLI2J4atEnQ==
E:\Eccles Bats\Downloaded\2018-10-25 ECC-A,Data,ECC_20181017_175404.wac,1798.001333,2018-10-17,17:54:04,17,2018-10-17,05:54:04,5,,,,,,,,,,,,,1,,,,,,1MmCRDgEw+3uNndUGkX25w==
E:\Eccles Bats\Downloaded\2018-10-25 ECC-A,Data,ECC_20181017_182404.wac,1798.001333,2018-10-17,18:24:04,18,2018-10-17,06:24:04,6,,,,,,,,,,,,,1,,,,,,wqNCXWHOPIexmEqYK+c14g==
E:\Eccles Bats\Downloaded\2018-10-25 ECC-A,Data,ECC_20181017_185404.wac,1798.001333,2018-10-17,18:54:04,18,2018-10-17,06:54:04,6,,,,,,,,,,,,,1,,,,,,Mw0bU2S7QQVYYlglqZPgeA==
E:\Eccles Bats\Downloaded\2018-10-25 ECC-A,Data,ECC_20181017_192404.wac,1798.001333,2018-10-17,19:24:04,19,2018-10-17,07:24:04,7,,,,,,,,,,,,,1,,,,,,pDeO5T/7mwA+3NRMxC+l8A==
E:\Eccles Bats\Downloaded\2018-10-25 ECC-A,Data,ECC_20181017_195404.wac,1798.001333,2018-10-17,19:54:04,19,2018-10-17,07:54:04,7,,,,,,,,,,,,,1,,,,,,GKEFwLCvLax+CP8ewrQvGQ==
E:\Eccles Bats\Downloaded\2018-10-25 ECC-A,Data,ECC_20181017_202404.wac,1798.001333,2018-10-17,20:24:04,20,2018-10-17,08:24:04,8,,,,,,,,,,,,,1,,,,,,ApdUbh8RrERG+1bL/oFODg==
E:\Eccles Bats\Downloaded\2018-10-25 ECC-A,Data,ECC_20181017_205404.wac,1798.001333,2018-10-17,20:54:04,20,2018-10-17,08:54:04,8,,,,,,,,,,,,,1,,,,,,8p8OBAgvhvxUkgN+l5FkBA==
E:\Eccles Bats\Downloaded\2018-10-25 ECC-A,Data,ECC_20181017_212405.wac,1797.001333,2018-10-17,21:24:05,21,2018-10-17,09:24:05,9,,,,,,,,,,,,,1,,,,,,MUdtrLs1XaMgDW5s+CY0Kw==
E:\Eccles Bats\Downloaded\2018-10-25 ECC-A,Data,ECC_20181017_215404.wac,1798.001333,2018-10-17,21:54:04,21,2018-10-17,09:54:04,9,,,,,,,,,,,,,1,,,,,,vkdWaQ8j65fheifQyKCUYg==
E:\Eccles Bats\Downloaded\2018-10-25 ECC-A,Data,ECC_20181017_222404.wac,1798.001333,2018-10-17,22:24:04,22,2018-10-17,10:24:04,10,,,,,,,,,,,,,1,,,,,,9NhupO/o6M71X/9KBdSZvA==
E:\Eccles Bats\Downloaded\2018-10-25 ECC-A,Data,ECC_20181017_225404.wac,1798.001333,2018-10-17,22:54:04,22,2018-10-17,10:54:04,10,,,,,,,,,,,,,1,,,,,,8WDFi1mD5PgJvuKu3fklwg==
E:\Eccles Bats\Downloaded\2018-10-25 ECC-A,Data,ECC_20181017_232404.wac,1798.001333,2018-10-17,23:24:04,23,2018-10-17,11:24:04,11,,,,,,,,,,,,,1,,,,,,aI+oMgNKCYVP6SDlS/n8jw==
E:\Eccles Bats\Downloaded\2018-10-25 ECC-A,Data,ECC_20181017_235404.wac,1798.001333,2018-10-17,23:54:04,23,2018-10-17,11:54:04,11,,,,,,,,,,,,,1,,,,,,s1CqU6JHi+dAjnJNaDgm6g==
E:\Eccles Bats\Downloaded\2018-10-25 ECC-A,Data,ECC_20181018_002404.wac,1798.001333,2018-10-18,00:24:04,0,2018-10-17,12:24:04,12,,,,,,,,,,,,,1,,,,,,lwSMKewRRgNs+VTCYo+ngA==
E:\Eccles Bats\Downloaded\2018-10-25 ECC-A,Data,ECC_20181018_005404.wac,1798.001333,2018-10-18,00:54:04,0,2018-10-17,12:54:04,12,,,,,,,,,,,,,1,,,,,,k7DhDTbsxJ0+I4c27lVerQ==
E:\Eccles Bats\Downloaded\2018-10-25 ECC-A,Data,ECC_20181018_012404.wac,1798.001333,2018-10-18,01:24:04,1,2018-10-17,13:24:04,13,,,,,,,,,,,,,1,,,,,,zXOjcVlS8wUIqK9o4jKWzQ==
E:\Eccles Bats\Downloaded\2018-10-25 ECC-A,Data,ECC_20181018_015404.wac,1798.001333,2018-10-18,01:54:04,1,2018-10-17,13:54:04,13,,,,,,,,,,,,,1,,,,,,CZnfUBDZR4oO2uNwM5ZKxA==
E:\Eccles Bats\Downloaded\2018-10-25 ECC-A,Data,ECC_20181018_022404.wac,1798.001333,2018-10-18,02:24:04,2,2018-10-17,14:24:04,14,,,,,,,,,,,,,1,,,,,,zYnQ/X3pDqY63Ec3XODaJA==
E:\Eccles Bats\Downloaded\2018-10-25 ECC-A,Data,ECC_20181018_025404.wac,1798.001333,2018-10-18,02:54:04,2,2018-10-17,14:54:04,14,,,,,,,,,,,,,1,,,,,,IPwrelbwoaZ/+132weM7Ww==
E:\Eccles Bats\Downloaded\2018-10-25 ECC-A,Data,ECC_20181018_032404.wac,1798.001333,2018-10-18,03:24:04,3,2018-10-17,15:24:04,15,,,,,,,,,,,,,1,,,,,,IB6NwH0vVOAoasdYZU2iDA==
E:\Eccles Bats\Downloaded\2018-10-25 ECC-A,Data,ECC_20181018_035404.wac,1798.001333,2018-10-18,03:54:04,3,2018-10-17,15:54:04,15,,,,,,,,,,,,,1,,,,,,sn4YkUmYfEzH6UbfwVHDIA==
E:\Eccles Bats\Downloaded\2018-10-25 ECC-A,Data,ECC_20181018_042404.wac,1798.001333,2018-10-18,04:24:04,4,2018-10-17,16:24:04,16,,,,,,,,,,,,,1,,,,,,pPph0yttrbL5SyZgKlQTuA==
E:\Eccles Bats\Downloaded\2018-10-25 ECC-A,Data,ECC_20181018_045404.wac,1798.001333,2018-10-18,04:54:04,4,2018-10-17,16:54:04,16,,,,,,,,,,,,,1,,,,,,xc8pztf9EkECuF2+fooCqw==
E:\Eccles Bats\Downloaded\2018-10-25 ECC-A,Data,ECC_20181018_052404.wac,1798.001333,2018-10-18,05:24:04,5,2018-10-17,17:24:04,17,,,,,,,,,,,,,1,,,,,,Zh+HUpcNqJO50H/rIwhQPg==
E:\Eccles Bats\Downloaded\2018-10-25 ECC-A,Data,ECC_20181018_055404.wac,1798.001333,2018-10-18,05:54:04,5,2018-10-17,17:54:04,17,,,,,,,,,,,,,1,,,,,,bRkm7SpiKiHka1AxTQXlwQ==
E:\Eccles Bats\Downloaded\2018-10-25 ECC-A,Data,ECC_20181018_062404.wac,1798.001333,2018-10-18,06:24:04,6,2018-10-17,18:24:04,18,,,,,,,,,,,,,1,,,,,,Co3HSehWRzzkubf8GF7P9Q==
E:\Eccles Bats\Downloaded\2018-10-25 ECC-A,Data,ECC_20181018_065404.wac,58.001333,2018-10-18,06:54:04,6,2018-10-17,18:54:04,18,,,,,,,,,,,,,1,,,,,,bl/oaL7bFhB02HwpPsiNww==
E:\Eccles Bats\Downloaded\2018-10-25 ECC-A,Data,ECC_20181018_162200.wac,1800.001333,2018-10-18,16:22:00,16,2018-10-18,04:22:00,4,,,,,,,,,,,,,1,,,,,,iigehHZ31B6/rTjBpYLbEw==
E:\Eccles Bats\Downloaded\2018-10-25 ECC-A,Data,ECC_20181018_165202.wac,1800.001333,2018-10-18,16:52:02,16,2018-10-18,04:52:02,4,,,,,,,,,,,,,1,,,,,,hWbzYq4DO6hMJ4FeLAoQfg==
E:\Eccles Bats\Downloaded\2018-10-25 ECC-A,Data,ECC_20181018_172204.wac,1798.001333,2018-10-18,17:22:04,17,2018-10-18,05:22:04,5,,,,,,,,,,,,,1,,,,,,PaEbEfNtuWa4QVqsKZ+ogA==
E:\Eccles Bats\Downloaded\2018-10-25 ECC-A,Data,ECC_20181018_175204.wac,1798.001333,2018-10-18,17:52:04,17,2018-10-18,05:52:04,5,,,,,,,,,,,,,1,,,,,,rtHCqgGeRexJSmq/94nrlA==
E:\Eccles Bats\Downloaded\2018-10-25 ECC-A,Data,ECC_20181018_182204.wac,1798.001333,2018-10-18,18:22:04,18,2018-10-18,06:22:04,6,,,,,,,,,,,,,1,,,,,,oTM7PfXVTtRXsf6ucLlk9Q==
E:\Eccles Bats\Downloaded\2018-10-25 ECC-A,Data,ECC_20181018_185204.wac,1798.001333,2018-10-18,18:52:04,18,2018-10-18,06:52:04,6,,,,,,,,,,,,,1,,,,,,Bwjtn5IU0o9eSi/uKoNpCQ==
E:\Eccles Bats\Downloaded\2018-10-25 ECC-A,Data,ECC_20181018_192204.wac,1798.001333,2018-10-18,19:22:04,19,2018-10-18,07:22:04,7,,,,,,,,,,,,,1,,,,,,3/bctEPuPLcHTshQs7+fFg==
E:\Eccles Bats\Downloaded\2018-10-25 ECC-A,Data,ECC_20181018_195204.wac,1798.001333,2018-10-18,19:52:04,19,2018-10-18,07:52:04,7,,,,,,,,,,,,,1,,,,,,oZZtIMnPn6zG4WXd2SFWDA==
E:\Eccles Bats\Downloaded\2018-10-25 ECC-A,Data,ECC_20181018_202204.wac,1798.001333,2018-10-18,20:22:04,20,2018-10-18,08:22:04,8,,,,,,,,,,,,,1,,,,,,Uv8w2lTVqp8bBw5+wEBXGA==
E:\Eccles Bats\Downloaded\2018-10-25 ECC-A,Data,ECC_20181018_205204.wac,1798.001333,2018-10-18,20:52:04,20,2018-10-18,08:52:04,8,,,,,,,,,,,,,1,,,,,,Ys9kNF1yf5ESO9Mt0kIXow==
E:\Eccles Bats\Downloaded\2018-10-25 ECC-A,Data,ECC_20181018_212204.wac,1798.001333,2018-10-18,21:22:04,21,2018-10-18,09:22:04,9,,,,,,,,,,,,,1,,,,,,tT0jMQJxhl5iQQF3gNpnjQ==
E:\Eccles Bats\Downloaded\2018-10-25 ECC-A,Data,ECC_20181018_215204.wac,1798.001333,2018-10-18,21:52:04,21,2018-10-18,09:52:04,9,,,,,,,,,,,,,1,,,,,,An9YUMdNKYQ2ajveTFz9lw==
E:\Eccles Bats\Downloaded\2018-10-25 ECC-A,Data,ECC_20181018_222211.wac,1791.001333,2018-10-18,22:22:11,22,2018-10-18,10:22:11,10,,,,,,,,,,,,,1,,,,,,xsEMibf3cXOezMh9/M/mJA==
E:\Eccles Bats\Downloaded\2018-10-25 ECC-A,Data,ECC_20181018_225207.wac,1795.001333,2018-10-18,22:52:07,22,2018-10-18,10:52:07,10,,,,,,,,,,,,,1,,,,,,cjRziqVW2LnEtBB7+OiL9A==
E:\Eccles Bats\Downloaded\2018-10-25 ECC-A,Data,ECC_20181018_232204.wac,1798.001333,2018-10-18,23:22:04,23,2018-10-18,11:22:04,11,,,,,,,,,,,,,1,,,,,,6NZHdZIosFK86/FLxd0jkA==
E:\Eccles Bats\Downloaded\2018-10-25 ECC-A,Data,ECC_20181019_002211.wac,1791.001333,2018-10-19,00:22:11,0,2018-10-18,12:22:11,12,,,,,,,,,,,,,1,,,,,,pFEFXVidbAJCUjaSUAB0gQ==
E:\Eccles Bats\Downloaded\2018-10-25 ECC-A,Data,ECC_20181019_005204.wac,1798.001333,2018-10-19,00:52:04,0,2018-10-18,12:52:04,12,,,,,,,,,,,,,1,,,,,,f+xtYPNW9TLbcSSi8k1yYw==
E:\Eccles Bats\Downloaded\2018-10-25 ECC-A,Data,ECC_20181018_235204.wac,1798.001333,2018-10-18,23:52:04,23,2018-10-18,11:52:04,11,,,,,,,,,,,,,1,,,,,,pDFtwckMCbyx/95SWoVe6A==
E:\Eccles Bats\Downloaded\2018-10-25 ECC-A,Data,ECC_20181019_022204.wac,1798.001333,2018-10-19,02:22:04,2,2018-10-18,14:22:04,14,,,,,,,,,,,,,1,,,,,,WngkgsIBRfI2Lh9fS7o5ow==
E:\Eccles Bats\Downloaded\2018-10-25 ECC-A,Data,ECC_20181019_012211.wac,1791.001333,2018-10-19,01:22:11,1,2018-10-18,13:22:11,13,,,,,,,,,,,,,1,,,,,,yIv0YnBuB0l6WVl8sVaJlw==
E:\Eccles Bats\Downloaded\2018-10-25 ECC-A,Data,ECC_20181019_015204.wac,1798.001333,2018-10-19,01:52:04,1,2018-10-18,13:52:04,13,,,,,,,,,,,,,1,,,,,,9i1ScF8AC7ktxpq+mEJeEA==
E:\Eccles Bats\Downloaded\2018-10-25 ECC-A,Data,ECC_20181019_025204.wac,1798.001333,2018-10-19,02:52:04,2,2018-10-18,14:52:04,14,,,,,,,,,,,,,1,,,,,,Mftc0EmomhCHBRQnEWWPfA==
E:\Eccles Bats\Downloaded\2018-10-25 ECC-A,Data,ECC_20181019_032204.wac,1798.001333,2018-10-19,03:22:04,3,2018-10-18,15:22:04,15,,,,,,,,,,,,,1,,,,,,BPNci9Ce2tFZaMi8SF7lRg==
E:\Eccles Bats\Downloaded\2018-10-25 ECC-A,Data,ECC_20181019_035204.wac,1798.001333,2018-10-19,03:52:04,3,2018-10-18,15:52:04,15,,,,,,,,,,,,,1,,,,,,Yiw/9NW1VG5jvRU1omzRqg==
E:\Eccles Bats\Downloaded\2018-10-25 ECC-A,Data,ECC_20181019_042204.wac,1798.001333,2018-10-19,04:22:04,4,2018-10-18,16:22:04,16,,,,,,,,,,,,,1,,,,,,2opuuUyFyX8aaaPrXHs2Uw==
E:\Eccles Bats\Downloaded\2018-10-25 ECC-A,Data,ECC_20181019_045204.wac,1798.001333,2018-10-19,04:52:04,4,2018-10-18,16:52:04,16,,,,,,,,,,,,,1,,,,,,4GnCMj/jZtD4Bq8HYxvOug==
E:\Eccles Bats\Downloaded\2018-10-25 ECC-A,Data,ECC_20181019_062204.wac,1798.001333,2018-10-19,06:22:04,6,2018-10-18,18:22:04,18,,,,,,,,,,,,,1,,,,,,6KuNqmCZa3OCR4YDX0oa7g==
E:\Eccles Bats\Downloaded\2018-10-25 ECC-A,Data,ECC_20181019_052204.wac,1798.001333,2018-10-19,05:22:04,5,2018-10-18,17:22:04,17,,,,,,,,,,,,,1,,,,,,FyVPT/RkApJC9ZaBvRbFMg==
E:\Eccles Bats\Downloaded\2018-10-25 ECC-A,Data,ECC_20181019_055204.wac,1798.001333,2018-10-19,05:52:04,5,2018-10-18,17:52:04,17,,,,,,,,,,,,,1,,,,,,t/HY0ZGBqsq4b1jHtzVA+Q==
E:\Eccles Bats\Downloaded\2018-10-25 ECC-A,Data,ECC_20181019_065204.wac,238.001333,2018-10-19,06:52:04,6,2018-10-18,18:52:04,18,,,,,,,,,,,,,1,,,,,,qtiv/pj9sobZK599oQZQFw==
E:\Eccles Bats\Downloaded\2018-10-25 ECC-A,Data,ECC_20181019_165002.wac,1800.001333,2018-10-19,16:50:02,16,2018-10-19,04:50:02,4,,,,,,,,,,,,,1,,,,,,YrD8LySq5XSNpTr86iYb3g==
E:\Eccles Bats\Downloaded\2018-10-25 ECC-A,Data,ECC_20181019_172004.wac,1798.001333,2018-10-19,17:20:04,17,2018-10-19,05:20:04,5,,,,,,,,,,,,,1,,,,,,9IaQXolVLOBKQ+8fRhjHkw==
E:\Eccles Bats\Downloaded\2018-10-25 ECC-A,Data,ECC_20181019_162000.wac,1800.001333,2018-10-19,16:20:00,16,2018-10-19,04:20:00,4,,,,,,,,,,,,,1,,,,,,IC8K+ZFcXlXUH8cyLF8eww==
E:\Eccles Bats\Downloaded\2018-10-25 ECC-A,Data,ECC_20181019_175004.wac,1798.001333,2018-10-19,17:50:04,17,2018-10-19,05:50:04,5,,,,,,,,,,,,,1,,,,,,BNWu6mKYmZcPptrMy3nbsw==
E:\Eccles Bats\Downloaded\2018-10-25 ECC-A,Data,ECC_20181019_182004.wac,1798.001333,2018-10-19,18:20:04,18,2018-10-19,06:20:04,6,,,,,,,,,,,,,1,,,,,,uy9eVr94mYolli/NfFIxTQ==
E:\Eccles Bats\Downloaded\2018-10-25 ECC-A,Data,ECC_20181019_185004.wac,1798.001333,2018-10-19,18:50:04,18,2018-10-19,06:50:04,6,,,,,,,,,,,,,1,,,,,,J3x/hWfjpd2gZtAOcoPeXw==
E:\Eccles Bats\Downloaded\2018-10-25 ECC-A,Data,ECC_20181019_192004.wac,1798.001333,2018-10-19,19:20:04,19,2018-10-19,07:20:04,7,,,,,,,,,,,,,1,,,,,,qnRMIjXF5E7DdfrgjTxEew==
E:\Eccles Bats\Downloaded\2018-10-25 ECC-A,Data,ECC_20181019_195004.wac,1798.001333,2018-10-19,19:50:04,19,2018-10-19,07:50:04,7,,,,,,,,,,,,,1,,,,,,GLKCZdOXrsLrqpRt7HvknQ==
E:\Eccles Bats\Downloaded\2018-10-25 ECC-A,Data,ECC_20181019_202004.wac,1798.001333,2018-10-19,20:20:04,20,2018-10-19,08:20:04,8,,,,,,,,,,,,,1,,,,,,XN/NV4Am5CigqE4Uy8+bAw==
E:\Eccles Bats\Downloaded\2018-10-25 ECC-A,Data,ECC_20181019_205004.wac,1798.001333,2018-10-19,20:50:04,20,2018-10-19,08:50:04,8,,,,,,,,,,,,,1,,,,,,23D9cMxNOMXLH0c/+SMsJA==
E:\Eccles Bats\Downloaded\2018-10-25 ECC-A,Data,ECC_20181019_212004.wac,1798.001333,2018-10-19,21:20:04,21,2018-10-19,09:20:04,9,,,,,,,,,,,,,1,,,,,,8JB3SM1i57LRhiXUtzBSEA==
E:\Eccles Bats\Downloaded\2018-10-25 ECC-A,Data,ECC_20181019_215004.wac,1798.001333,2018-10-19,21:50:04,21,2018-10-19,09:50:04,9,,,,,,,,,,,,,1,,,,,,aYHkaIDbTiv7aM5RSopNNQ==
E:\Eccles Bats\Downloaded\2018-10-25 ECC-A,Data,ECC_20181019_225004.wac,1798.001333,2018-10-19,22:50:04,22,2018-10-19,10:50:04,10,,,,,,,,,,,,,1,,,,,,oRn3RXr5gag2hguHFCICkw==
E:\Eccles Bats\Downloaded\2018-10-25 ECC-A,Data,ECC_20181019_222004.wac,1798.001333,2018-10-19,22:20:04,22,2018-10-19,10:20:04,10,,,,,,,,,,,,,1,,,,,,kPUU9mOV7W2up0E3tUvNkg==
E:\Eccles Bats\Downloaded\2018-10-25 ECC-A,Data,ECC_20181019_232004.wac,1798.001333,2018-10-19,23:20:04,23,2018-10-19,11:20:04,11,,,,,,,,,,,,,1,,,,,,rbjg9JqzNXLZ159tibID6Q==
E:\Eccles Bats\Downloaded\2018-10-25 ECC-A,Data,ECC_20181019_235004.wac,1798.001333,2018-10-19,23:50:04,23,2018-10-19,11:50:04,11,,,,,,,,,,,,,1,,,,,,3su+4XvQLPd1wi3t317y6Q==
E:\Eccles Bats\Downloaded\2018-10-25 ECC-A,Data,ECC_20181020_005004.wac,1798.001333,2018-10-20,00:50:04,0,2018-10-19,12:50:04,12,,,,,,,,,,,,,1,,,,,,Lo760o8DS8b2TBIEWZT6ZA==
E:\Eccles Bats\Downloaded\2018-10-25 ECC-A,Data,ECC_20181020_002004.wac,1798.001333,2018-10-20,00:20:04,0,2018-10-19,12:20:04,12,,,,,,,,,,,,,1,,,,,,v7pgl3N5C9/MMBgs+Rtiyg==
E:\Eccles Bats\Downloaded\2018-10-25 ECC-A,Data,ECC_20181020_012004.wac,1798.001333,2018-10-20,01:20:04,1,2018-10-19,13:20:04,13,,,,,,,,,,,,,1,,,,,,kprceF34NrjD5vM6xfGdEQ==
E:\Eccles Bats\Downloaded\2018-10-25 ECC-A,Data,ECC_20181020_015004.wac,1798.001333,2018-10-20,01:50:04,1,2018-10-19,13:50:04,13,,,,,,,,,,,,,1,,,,,,bgJFdcRFs4hQnieJpENBQg==
E:\Eccles Bats\Downloaded\2018-10-25 ECC-A,Data,ECC_20181020_022004.wac,1798.001333,2018-10-20,02:20:04,2,2018-10-19,14:20:04,14,,,,,,,,,,,,,1,,,,,,JrQt6rMrr2ujM4YC94X57Q==
E:\Eccles Bats\Downloaded\2018-10-25 ECC-A,Data,ECC_20181020_025004.wac,1798.001333,2018-10-20,02:50:04,2,2018-10-19,14:50:04,14,,,,,,,,,,,,,1,,,,,,klOhQjg2hT9wBE40rO2CEw==
E:\Eccles Bats\Downloaded\2018-10-25 ECC-A,Data,ECC_20181020_032004.wac,1798.001333,2018-10-20,03:20:04,3,2018-10-19,15:20:04,15,,,,,,,,,,,,,1,,,,,,KZPO5G1pnPFtzb7SrXug9Q==
E:\Eccles Bats\Downloaded\2018-10-25 ECC-A,Data,ECC_20181020_035004.wac,1798.001333,2018-10-20,03:50:04,3,2018-10-19,15:50:04,15,,,,,,,,,,,,,1,,,,,,VVpCnuPtbzTMA4eEke2X5Q==
E:\Eccles Bats\Downloaded\2018-10-25 ECC-A,Data,ECC_20181020_042004.wac,1798.001333,2018-10-20,04:20:04,4,2018-10-19,16:20:04,16,,,,,,,,,,,,,1,,,,,,GwnnuJqzgQr4XRAaioJdug==
E:\Eccles Bats\Downloaded\2018-10-25 ECC-A,Data,ECC_20181020_045004.wac,1798.001333,2018-10-20,04:50:04,4,2018-10-19,16:50:04,16,,,,,,,,,,,,,1,,,,,,wuMuMaQXBJgdvmpW/6IqQg==
E:\Eccles Bats\Downloaded\2018-10-25 ECC-A,Data,ECC_20181020_052004.wac,1798.001333,2018-10-20,05:20:04,5,2018-10-19,17:20:04,17,,,,,,,,,,,,,1,,,,,,somsK/UOtKyPjll1ZsbWEQ==
E:\Eccles Bats\Downloaded\2018-10-25 ECC-A,Data,ECC_20181020_055004.wac,1798.001333,2018-10-20,05:50:04,5,2018-10-19,17:50:04,17,,,,,,,,,,,,,1,,,,,,Vrs1fna42qCPipdrqrgdzg==
E:\Eccles Bats\Downloaded\2018-10-25 ECC-A,Data,ECC_20181020_062004.wac,1798.001333,2018-10-20,06:20:04,6,2018-10-19,18:20:04,18,,,,,,,,,,,,,1,,,,,,aqf4KH0qSmFXNbNPSWR5Ig==
E:\Eccles Bats\Downloaded\2018-10-25 ECC-A,Data,ECC_20181020_065004.wac,478.001333,2018-10-20,06:50:04,6,2018-10-19,18:50:04,18,,,,,,,,,,,,,1,,,,,,pk9FJqpm28zcCv6xyzwvng==
E:\Eccles Bats\Downloaded\2018-10-25 ECC-A,Data,ECC_20181020_164802.wac,1800.001333,2018-10-20,16:48:02,16,2018-10-20,04:48:02,4,,,,,,,,,,,,,1,,,,,,TbIKNHXXPHzfovJaWIP7bg==
E:\Eccles Bats\Downloaded\2018-10-25 ECC-A,Data,ECC_20181020_171804.wac,1798.001333,2018-10-20,17:18:04,17,2018-10-20,05:18:04,5,,,,,,,,,,,,,1,,,,,,tny0sHmGylBSJ73eqDubjA==
E:\Eccles Bats\Downloaded\2018-10-25 ECC-A,Data,ECC_20181020_174804.wac,1798.001333,2018-10-20,17:48:04,17,2018-10-20,05:48:04,5,,,,,,,,,,,,,1,,,,,,Wu2P2byKi1X2MsH70Ai+Dw==
E:\Eccles Bats\Downloaded\2018-10-25 ECC-A,Data,ECC_20181020_181804.wac,1798.001333,2018-10-20,18:18:04,18,2018-10-20,06:18:04,6,,,,,,,,,,,,,1,,,,,,AOrGP5eHVcwUkMMpKxveyg==
E:\Eccles Bats\Downloaded\2018-10-25 ECC-A,Data,ECC_20181020_161800.wac,1800.001333,2018-10-20,16:18:00,16,2018-10-20,04:18:00,4,,,,,,,,,,,,,1,,,,,,FcIxbw2cWiKQc19qYn8feQ==
E:\Eccles Bats\Downloaded\2018-10-25 ECC-A,Data,ECC_20181020_184804.wac,1798.001333,2018-10-20,18:48:04,18,2018-10-20,06:48:04,6,,,,,,,,,,,,,1,,,,,,cd3CZK86WiCrZiP0+uPpDg==
E:\Eccles Bats\Downloaded\2018-10-25 ECC-A,Data,ECC_20181020_191804.wac,1798.001333,2018-10-20,19:18:04,19,2018-10-20,07:18:04,7,,,,,,,,,,,,,1,,,,,,/eKuPAj2wnUBbtHMoqjR/w==
E:\Eccles Bats\Downloaded\2018-10-25 ECC-A,Data,ECC_20181020_194804.wac,1798.001333,2018-10-20,19:48:04,19,2018-10-20,07:48:04,7,,,,,,,,,,,,,1,,,,,,MryZiUpuQIONHu8bUM9QTQ==
E:\Eccles Bats\Downloaded\2018-10-25 ECC-A,Data,ECC_20181020_201804.wac,1798.001333,2018-10-20,20:18:04,20,2018-10-20,08:18:04,8,,,,,,,,,,,,,1,,,,,,AeZmKDD3a2oC419VIDfqBA==
E:\Eccles Bats\Downloaded\2018-10-25 ECC-A,Data,ECC_20181020_204804.wac,1798.001333,2018-10-20,20:48:04,20,2018-10-20,08:48:04,8,,,,,,,,,,,,,1,,,,,,xgkc92nk1ae2DLcko6SfiA==
E:\Eccles Bats\Downloaded\2018-10-25 ECC-A,Data,ECC_20181020_211804.wac,1798.001333,2018-10-20,21:18:04,21,2018-10-20,09:18:04,9,,,,,,,,,,,,,1,,,,,,kxAvVk5M2TPbQcTq9xF7WQ==
E:\Eccles Bats\Downloaded\2018-10-25 ECC-A,Data,ECC_20181020_214804.wac,1798.001333,2018-10-20,21:48:04,21,2018-10-20,09:48:04,9,,,,,,,,,,,,,1,,,,,,xNdEy0mNwupw39lonz9p0g==
E:\Eccles Bats\Downloaded\2018-10-25 ECC-A,Data,ECC_20181020_221804.wac,1798.001333,2018-10-20,22:18:04,22,2018-10-20,10:18:04,10,,,,,,,,,,,,,1,,,,,,nBA6/mpM1AMjhAOL6Vg+oA==
E:\Eccles Bats\Downloaded\2018-10-25 ECC-A,Data,ECC_20181020_224804.wac,1798.001333,2018-10-20,22:48:04,22,2018-10-20,10:48:04,10,,,,,,,,,,,,,1,,,,,,HSfzeT8P84oDZiWsd3b8/A==
E:\Eccles Bats\Downloaded\2018-10-25 ECC-A,Data,ECC_20181020_231804.wac,1798.001333,2018-10-20,23:18:04,23,2018-10-20,11:18:04,11,,,,,,,,,,,,,1,,,,,,OwvHjP/bkQaRCoziy5bdNQ==
E:\Eccles Bats\Downloaded\2018-10-25 ECC-A,Data,ECC_20181021_001804.wac,1798.001333,2018-10-21,00:18:04,0,2018-10-20,12:18:04,12,,,,,,,,,,,,,1,,,,,,TeDgmsKKNZYPOdPyYzykJQ==
E:\Eccles Bats\Downloaded\2018-10-25 ECC-A,Data,ECC_20181020_234807.wac,1795.001333,2018-10-20,23:48:07,23,2018-10-20,11:48:07,11,,,,,,,,,,,,,1,,,,,,hd3D2sa0tb6tXcPSvVpJdQ==
E:\Eccles Bats\Downloaded\2018-10-25 ECC-A,Data,ECC_20181021_004809.wac,1793.001333,2018-10-21,00:48:09,0,2018-10-20,12:48:09,12,,,,,,,,,,,,,1,,,,,,2JGYzGtGOwbM1GixtR3+HA==
E:\Eccles Bats\Downloaded\2018-10-25 ECC-A,Data,ECC_20181021_011804.wac,1798.001333,2018-10-21,01:18:04,1,2018-10-20,13:18:04,13,,,,,,,,,,,,,1,,,,,,zG0wDZkMn1g11MEkDtTZZw==
E:\Eccles Bats\Downloaded\2018-10-25 ECC-A,Data,ECC_20181021_014812.wac,1790.001333,2018-10-21,01:48:12,1,2018-10-20,13:48:12,13,,,,,,,,,,,,,1,,,,,,rmc1CTVPJZkVabDxDPh6Sg==
E:\Eccles Bats\Downloaded\2018-10-25 ECC-A,Data,ECC_20181021_021805.wac,1797.001333,2018-10-21,02:18:05,2,2018-10-20,14:18:05,14,,,,,,,,,,,,,1,,,,,,PJjgRmozmY4+RSbKJblY/Q==
E:\Eccles Bats\Downloaded\2018-10-25 ECC-A,Data,ECC_20181021_024804.wac,1798.001333,2018-10-21,02:48:04,2,2018-10-20,14:48:04,14,,,,,,,,,,,,,1,,,,,,nAvBN3fffBMi/iMt8TJYlQ==
E:\Eccles Bats\Downloaded\2018-10-25 ECC-A,Data,ECC_20181021_031812.wac,1790.001333,2018-10-21,03:18:12,3,2018-10-20,15:18:12,15,,,,,,,,,,,,,1,,,,,,jk2dQGp8JwutG13kFGbe/Q==
E:\Eccles Bats\Downloaded\2018-10-25 ECC-A,Data,ECC_20181021_034813.wac,1789.001333,2018-10-21,03:48:13,3,2018-10-20,15:48:13,15,,,,,,,,,,,,,1,,,,,,5gx9cMc/7SntFyvYqj+Kgw==
E:\Eccles Bats\Downloaded\2018-10-25 ECC-A,Data,ECC_20181021_041812.wac,1791.001333,2018-10-21,04:18:12,4,2018-10-20,16:18:12,16,,,,,,,,,,,,,1,,,,,,XSB3gu/4MiusqtnBXgf8aQ==
E:\Eccles Bats\Downloaded\2018-10-25 ECC-A,Data,ECC_20181021_044805.wac,1797.001333,2018-10-21,04:48:05,4,2018-10-20,16:48:05,16,,,,,,,,,,,,,1,,,,,,Tx0wmWV7hIHG4EpfDziUJg==
E:\Eccles Bats\Downloaded\2018-10-25 ECC-A,Data,ECC_20181021_051804.wac,1798.001333,2018-10-21,05:18:04,5,2018-10-20,17:18:04,17,,,,,,,,,,,,,1,,,,,,W6gK0ObakneOFRCFTlDbBw==
E:\Eccles Bats\Downloaded\2018-10-25 ECC-A,Data,ECC_20181021_054808.wac,1794.001333,2018-10-21,05:48:08,5,2018-10-20,17:48:08,17,,,,,,,,,,,,,1,,,,,,ETpfkIMxpQqAERTiOdU1HA==
E:\Eccles Bats\Downloaded\2018-10-25 ECC-A,Data,ECC_20181021_061804.wac,1798.001333,2018-10-21,06:18:04,6,2018-10-20,18:18:04,18,,,,,,,,,,,,,1,,,,,,ff5Y0/tqNn+daz0FfMfJkg==
E:\Eccles Bats\Downloaded\2018-10-25 ECC-A,Data,ECC_20181021_064804.wac,718.001333,2018-10-21,06:48:04,6,2018-10-20,18:48:04,18,,,,,,,,,,,,,1,,,,,,+dh3efZc5+WKPoooKQzonQ==
E:\Eccles Bats\Downloaded\2018-10-25 ECC-A,Data,ECC_20181021_164602.wac,1800.001333,2018-10-21,16:46:02,16,2018-10-21,04:46:02,4,,,,,,,,,,,,,1,,,,,,XOwyEBfCG4iwsX5WwY66SQ==
E:\Eccles Bats\Downloaded\2018-10-25 ECC-A,Data,ECC_20181021_171604.wac,1798.001333,2018-10-21,17:16:04,17,2018-10-21,05:16:04,5,,,,,,,,,,,,,1,,,,,,V38WWKkQj/cDwE8HP11C6A==
E:\Eccles Bats\Downloaded\2018-10-25 ECC-A,Data,ECC_20181021_161600.wac,1800.001333,2018-10-21,16:16:00,16,2018-10-21,04:16:00,4,,,,,,,,,,,,,1,,,,,,0lYSgzYwNdnilNHiIj97TQ==
E:\Eccles Bats\Downloaded\2018-10-25 ECC-A,Data,ECC_20181021_174604.wac,1798.001333,2018-10-21,17:46:04,17,2018-10-21,05:46:04,5,,,,,,,,,,,,,1,,,,,,YiaEHjlsnuKDaSA9OOpBdg==
E:\Eccles Bats\Downloaded\2018-10-25 ECC-A,Data,ECC_20181021_181604.wac,1798.001333,2018-10-21,18:16:04,18,2018-10-21,06:16:04,6,,,,,,,,,,,,,1,,,,,,xn3keUFzutUIxOQ1w33vLQ==
E:\Eccles Bats\Downloaded\2018-10-25 ECC-A,Data,ECC_20181021_184604.wac,1798.001333,2018-10-21,18:46:04,18,2018-10-21,06:46:04,6,,,,,,,,,,,,,1,,,,,,S4YILOS2Y2sspE5HZuILqA==
E:\Eccles Bats\Downloaded\2018-10-25 ECC-A,Data,ECC_20181021_194604.wac,1798.001333,2018-10-21,19:46:04,19,2018-10-21,07:46:04,7,,,,,,,,,,,,,1,,,,,,lh/rx9iTCNACQlO2AKnbyg==
E:\Eccles Bats\Downloaded\2018-10-25 ECC-A,Data,ECC_20181021_191604.wac,1798.001333,2018-10-21,19:16:04,19,2018-10-21,07:16:04,7,,,,,,,,,,,,,1,,,,,,AaR0wP2GrsIBDw/eJ2TDVg==
E:\Eccles Bats\Downloaded\2018-10-25 ECC-A,Data,ECC_20181021_201604.wac,1798.001333,2018-10-21,20:16:04,20,2018-10-21,08:16:04,8,,,,,,,,,,,,,1,,,,,,HrwIddLA1/pkNm+ezIlwPw==
E:\Eccles Bats\Downloaded\2018-10-25 ECC-A,Data,ECC_20181021_204604.wac,1798.001333,2018-10-21,20:46:04,20,2018-10-21,08:46:04,8,,,,,,,,,,,,,1,,,,,,UVuIHqvi8RhSu87u15kCvg==
E:\Eccles Bats\Downloaded\2018-10-25 ECC-A,Data,ECC_20181021_211604.wac,1798.001333,2018-10-21,21:16:04,21,2018-10-21,09:16:04,9,,,,,,,,,,,,,1,,,,,,TmVY6fTjbzkFgi9hPfRUtQ==
E:\Eccles Bats\Downloaded\2018-10-25 ECC-A,Data,ECC_20181021_214604.wac,1798.001333,2018-10-21,21:46:04,21,2018-10-21,09:46:04,9,,,,,,,,,,,,,1,,,,,,NNvyC4RPdoxcXHwF9ORxHg==
E:\Eccles Bats\Downloaded\2018-10-25 ECC-A,Data,ECC_20181021_221604.wac,1798.001333,2018-10-21,22:16:04,22,2018-10-21,10:16:04,10,,,,,,,,,,,,,1,,,,,,R0vZ6A2HqVpFjZCGcjYebw==
E:\Eccles Bats\Downloaded\2018-10-25 ECC-A,Data,ECC_20181021_224604.wac,1798.001333,2018-10-21,22:46:04,22,2018-10-21,10:46:04,10,,,,,,,,,,,,,1,,,,,,aNikUH6fTxyMqse0NFW5aw==
E:\Eccles Bats\Downloaded\2018-10-25 ECC-A,Data,ECC_20181021_231604.wac,1798.001333,2018-10-21,23:16:04,23,2018-10-21,11:16:04,11,,,,,,,,,,,,,1,,,,,,i1rzheGSG1nf4iXYrxXI3w==
E:\Eccles Bats\Downloaded\2018-10-25 ECC-A,Data,ECC_20181021_234604.wac,1798.001333,2018-10-21,23:46:04,23,2018-10-21,11:46:04,11,,,,,,,,,,,,,1,,,,,,PSZqNOHGCuzDoNbdpNdsYQ==
E:\Eccles Bats\Downloaded\2018-10-25 ECC-A,Data,ECC_20181022_001604.wac,1798.001333,2018-10-22,00:16:04,0,2018-10-21,12:16:04,12,,,,,,,,,,,,,1,,,,,,2axsTUYiPe3Hm5PAAEPcbw==
E:\Eccles Bats\Downloaded\2018-10-25 ECC-A,Data,ECC_20181022_004604.wac,1798.001333,2018-10-22,00:46:04,0,2018-10-21,12:46:04,12,,,,,,,,,,,,,1,,,,,,zBKfpDTwoAqTH71z1qROug==
E:\Eccles Bats\Downloaded\2018-10-25 ECC-A,Data,ECC_20181022_011604.wac,1798.001333,2018-10-22,01:16:04,1,2018-10-21,13:16:04,13,,,,,,,,,,,,,1,,,,,,Acs8pPRxEg2ctYnGKMgwHw==
E:\Eccles Bats\Downloaded\2018-10-25 ECC-A,Data,ECC_20181022_014604.wac,1798.001333,2018-10-22,01:46:04,1,2018-10-21,13:46:04,13,,,,,,,,,,,,,1,,,,,,H8KBCil60hEdUBZrgBaX5Q==
E:\Eccles Bats\Downloaded\2018-10-25 ECC-A,Data,ECC_20181022_021604.wac,1798.001333,2018-10-22,02:16:04,2,2018-10-21,14:16:04,14,,,,,,,,,,,,,1,,,,,,n9qYzLOU/EmCeUSUFOzCnw==
E:\Eccles Bats\Downloaded\2018-10-25 ECC-A,Data,ECC_20181022_024604.wac,1798.001333,2018-10-22,02:46:04,2,2018-10-21,14:46:04,14,,,,,,,,,,,,,1,,,,,,JC8T04aPfT/LgUetgu6fQA==
E:\Eccles Bats\Downloaded\2018-10-25 ECC-A,Data,ECC_20181022_031604.wac,1798.001333,2018-10-22,03:16:04,3,2018-10-21,15:16:04,15,,,,,,,,,,,,,1,,,,,,Ve45bevs2HhXP/qjecs01Q==
E:\Eccles Bats\Downloaded\2018-10-25 ECC-A,Data,ECC_20181022_034604.wac,1798.001333,2018-10-22,03:46:04,3,2018-10-21,15:46:04,15,,,,,,,,,,,,,1,,,,,,xaFvQXAoRACASgAVVUYL3Q==
E:\Eccles Bats\Downloaded\2018-10-25 ECC-A,Data,ECC_20181022_041604.wac,1798.001333,2018-10-22,04:16:04,4,2018-10-21,16:16:04,16,,,,,,,,,,,,,1,,,,,,7tR1iAlgNV7yJQ02L2OlLQ==
E:\Eccles Bats\Downloaded\2018-10-25 ECC-A,Data,ECC_20181022_044604.wac,1798.001333,2018-10-22,04:46:04,4,2018-10-21,16:46:04,16,,,,,,,,,,,,,1,,,,,,71KaCO69x3LJv+nHKTORbQ==
E:\Eccles Bats\Downloaded\2018-10-25 ECC-A,Data,ECC_20181022_051612.wac,1790.001333,2018-10-22,05:16:12,5,2018-10-21,17:16:12,17,,,,,,,,,,,,,1,,,,,,TD9krgPaXcTQoORjgJqY1A==
E:\Eccles Bats\Downloaded\2018-10-25 ECC-A,Data,ECC_20181022_054606.wac,1796.001333,2018-10-22,05:46:06,5,2018-10-21,17:46:06,17,,,,,,,,,,,,,1,,,,,,iAkuaEa5Qv6AqzFj+rV/vw==
E:\Eccles Bats\Downloaded\2018-10-25 ECC-A,Data,ECC_20181022_061604.wac,1798.001333,2018-10-22,06:16:04,6,2018-10-21,18:16:04,18,,,,,,,,,,,,,1,,,,,,F14IrYC5O5WcJZzHkKT1yg==
E:\Eccles Bats\Downloaded\2018-10-25 ECC-A,Data,ECC_20181022_064604.wac,958.001333,2018-10-22,06:46:04,6,2018-10-21,18:46:04,18,,,,,,,,,,,,,1,,,,,,tqGqLUGhpKiNgvJb0XMg2g==
E:\Eccles Bats\Downloaded\2018-10-25 ECC-A,Data,ECC_20181022_164402.wac,1800.001333,2018-10-22,16:44:02,16,2018-10-22,04:44:02,4,,,,,,,,,,,,,1,,,,,,ekBcubqGi2hxg3eFHYtNaA==
E:\Eccles Bats\Downloaded\2018-10-25 ECC-A,Data,ECC_20181022_171404.wac,1798.001333,2018-10-22,17:14:04,17,2018-10-22,05:14:04,5,,,,,,,,,,,,,1,,,,,,pqHQLHy7Kog36+f94LhByQ==
E:\Eccles Bats\Downloaded\2018-10-25 ECC-A,Data,ECC_20181022_174404.wac,1798.001333,2018-10-22,17:44:04,17,2018-10-22,05:44:04,5,,,,,,,,,,,,,1,,,,,,bW3l13xYixLVR2+sf4F6Ug==
E:\Eccles Bats\Downloaded\2018-10-25 ECC-A,Data,ECC_20181022_181404.wac,1798.001333,2018-10-22,18:14:04,18,2018-10-22,06:14:04,6,,,,,,,,,,,,,1,,,,,,V6yZN/Vg5hDHhERuzMYyJQ==
E:\Eccles Bats\Downloaded\2018-10-25 ECC-A,Data,ECC_20181022_161400.wac,1800.001333,2018-10-22,16:14:00,16,2018-10-22,04:14:00,4,,,,,,,,,,,,,1,,,,,,OJDse+C5jWh+Brj/KeQNig==
E:\Eccles Bats\Downloaded\2018-10-25 ECC-A,Data,ECC_20181022_184404.wac,1798.001333,2018-10-22,18:44:04,18,2018-10-22,06:44:04,6,,,,,,,,,,,,,1,,,,,,qOhjjgZKY2xngX3wEdMlwg==
E:\Eccles Bats\Downloaded\2018-10-25 ECC-A,Data,ECC_20181022_191404.wac,1798.001333,2018-10-22,19:14:04,19,2018-10-22,07:14:04,7,,,,,,,,,,,,,1,,,,,,T1uJTdINIt4gbO2EPb08/Q==
E:\Eccles Bats\Downloaded\2018-10-25 ECC-A,Data,ECC_20181022_194404.wac,1798.001333,2018-10-22,19:44:04,19,2018-10-22,07:44:04,7,,,,,,,,,,,,,1,,,,,,ziFp2ndkdIG0a4ahm8pL8w==
E:\Eccles Bats\Downloaded\2018-10-25 ECC-A,Data,ECC_20181022_201404.wac,1798.001333,2018-10-22,20:14:04,20,2018-10-22,08:14:04,8,,,,,,,,,,,,,1,,,,,,abULdbUWVnqe/jzHCT9UHA==
E:\Eccles Bats\Downloaded\2018-10-25 ECC-A,Data,ECC_20181022_204404.wac,1798.001333,2018-10-22,20:44:04,20,2018-10-22,08:44:04,8,,,,,,,,,,,,,1,,,,,,GQ3r3gogWNYEfCYkHeokXA==
E:\Eccles Bats\Downloaded\2018-10-25 ECC-A,Data,ECC_20181022_211404.wac,1798.001333,2018-10-22,21:14:04,21,2018-10-22,09:14:04,9,,,,,,,,,,,,,1,,,,,,PFxEWOT39kC36txrPkzQ4g==
E:\Eccles Bats\Downloaded\2018-10-25 ECC-A,Data,ECC_20181022_214404.wac,1798.001333,2018-10-22,21:44:04,21,2018-10-22,09:44:04,9,,,,,,,,,,,,,1,,,,,,UCIyihUYPHNn8otxlu9Y3Q==
E:\Eccles Bats\Downloaded\2018-10-25 ECC-A,Data,ECC_20181022_221404.wac,1798.001333,2018-10-22,22:14:04,22,2018-10-22,10:14:04,10,,,,,,,,,,,,,1,,,,,,NdC+bY7ZQYM7Hpeug3BpdA==
E:\Eccles Bats\Downloaded\2018-10-25 ECC-A,Data,ECC_20181023_001404.wac,1798.001333,2018-10-23,00:14:04,0,2018-10-22,12:14:04,12,,,,,,,,,,,,,1,,,,,,Jeo8a6ovnghy/n8Q9K+a4A==
E:\Eccles Bats\Downloaded\2018-10-25 ECC-A,Data,ECC_20181022_224404.wac,1798.001333,2018-10-22,22:44:04,22,2018-10-22,10:44:04,10,,,,,,,,,,,,,1,,,,,,PIdZ2ULFN0PCKUpTUkCx4g==
E:\Eccles Bats\Downloaded\2018-10-25 ECC-A,Data,ECC_20181023_004404.wac,1798.001333,2018-10-23,00:44:04,0,2018-10-22,12:44:04,12,,,,,,,,,,,,,1,,,,,,JSa+XwC5l1l/c3gFnCuEJQ==
E:\Eccles Bats\Downloaded\2018-10-25 ECC-A,Data,ECC_20181022_231404.wac,1798.001333,2018-10-22,23:14:04,23,2018-10-22,11:14:04,11,,,,,,,,,,,,,1,,,,,,PJBGchM+GdxrcmnIxTYK6Q==
E:\Eccles Bats\Downloaded\2018-10-25 ECC-A,Data,ECC_20181022_234404.wac,1798.001333,2018-10-22,23:44:04,23,2018-10-22,11:44:04,11,,,,,,,,,,,,,1,,,,,,IJ7Ft6spHBo4bCSOQE37Ww==
E:\Eccles Bats\Downloaded\2018-10-25 ECC-A,Data,ECC_20181023_024404.wac,1798.001333,2018-10-23,02:44:04,2,2018-10-22,14:44:04,14,,,,,,,,,,,,,1,,,,,,LF4BljnIn0wH2syzaesyoQ==
E:\Eccles Bats\Downloaded\2018-10-25 ECC-A,Data,ECC_20181023_021404.wac,1798.001333,2018-10-23,02:14:04,2,2018-10-22,14:14:04,14,,,,,,,,,,,,,1,,,,,,Gstf5LQOuh9ZwdADl9Bhxw==
E:\Eccles Bats\Downloaded\2018-10-25 ECC-A,Data,ECC_20181023_031404.wac,1798.001333,2018-10-23,03:14:04,3,2018-10-22,15:14:04,15,,,,,,,,,,,,,1,,,,,,np/MkDg1n55Az16rxwpzJg==
E:\Eccles Bats\Downloaded\2018-10-25 ECC-A,Data,ECC_20181023_011404.wac,1798.001333,2018-10-23,01:14:04,1,2018-10-22,13:14:04,13,,,,,,,,,,,,,1,,,,,,gHhX2pKxYrorASNCkkBkhA==
E:\Eccles Bats\Downloaded\2018-10-25 ECC-A,Data,ECC_20181023_014404.wac,1798.001333,2018-10-23,01:44:04,1,2018-10-22,13:44:04,13,,,,,,,,,,,,,1,,,,,,qHpo/pl3STiNntRmeqV/Ig==
E:\Eccles Bats\Downloaded\2018-10-25 ECC-A,Data,ECC_20181023_034404.wac,1798.001333,2018-10-23,03:44:04,3,2018-10-22,15:44:04,15,,,,,,,,,,,,,1,,,,,,PamRVupyXKdXHt3+DUfjDg==
E:\Eccles Bats\Downloaded\2018-10-25 ECC-A,Data,ECC_20181023_041404.wac,1798.001333,2018-10-23,04:14:04,4,2018-10-22,16:14:04,16,,,,,,,,,,,,,1,,,,,,HFWRJC/kvk06Hm5VF2c+qQ==
E:\Eccles Bats\Downloaded\2018-10-25 ECC-A,Data,ECC_20181023_044404.wac,1798.001333,2018-10-23,04:44:04,4,2018-10-22,16:44:04,16,,,,,,,,,,,,,1,,,,,,wRES/KchJb5lqAvfQMMtEg==
E:\Eccles Bats\Downloaded\2018-10-25 ECC-A,Data,ECC_20181023_051412.wac,1790.001333,2018-10-23,05:14:12,5,2018-10-22,17:14:12,17,,,,,,,,,,,,,1,,,,,,ywCe+cSR6AsZUufbLgkxFw==
E:\Eccles Bats\Downloaded\2018-10-25 ECC-A,Data,ECC_20181023_054412.wac,1790.001333,2018-10-23,05:44:12,5,2018-10-22,17:44:12,17,,,,,,,,,,,,,1,,,,,,QWQhdHAuAJgszY0lqr62hw==
E:\Eccles Bats\Downloaded\2018-10-25 ECC-A,Data,ECC_20181023_061404.wac,1798.001333,2018-10-23,06:14:04,6,2018-10-22,18:14:04,18,,,,,,,,,,,,,1,,,,,,nZfL3pGbgX8ecLIvpj0fuw==
E:\Eccles Bats\Downloaded\2018-10-25 ECC-A,Data,ECC_20181023_064404.wac,1198.001333,2018-10-23,06:44:04,6,2018-10-22,18:44:04,18,,,,,,,,,,,,,1,,,,,,ZjvWoAtxcTGfysXJT+vLIA==
E:\Eccles Bats\Downloaded\2018-10-25 ECC-A,Data,ECC_20181023_174107.wac,1795.001333,2018-10-23,17:41:07,17,2018-10-23,05:41:07,5,,,,,,,,,,,,,1,,,,,,z7pZJedQDVkzr1StfkspeA==
E:\Eccles Bats\Downloaded\2018-10-25 ECC-A,Data,ECC_20181023_164105.wac,1797.001333,2018-10-23,16:41:05,16,2018-10-23,04:41:05,4,,,,,,,,,,,,,1,,,,,,VHLaKPTv2SvtW6RQAjL1EA==
E:\Eccles Bats\Downloaded\2018-10-25 ECC-A,Data,ECC_20181023_171104.wac,1798.001333,2018-10-23,17:11:04,17,2018-10-23,05:11:04,5,,,,,,,,,,,,,1,,,,,,lp1J5Ed8ZZBd4lOBCjS1rQ==
E:\Eccles Bats\Downloaded\2018-10-25 ECC-A,Data,ECC_20181023_181104.wac,1798.001333,2018-10-23,18:11:04,18,2018-10-23,06:11:04,6,,,,,,,,,,,,,1,,,,,,T1CZ/D55UhM7RrHQZ5YpaA==
E:\Eccles Bats\Downloaded\2018-10-25 ECC-A,Data,ECC_20181023_161100.wac,1800.001333,2018-10-23,16:11:00,16,2018-10-23,04:11:00,4,,,,,,,,,,,,,1,,,,,,cl6xS7wpoekKnDn4mNYNyA==
E:\Eccles Bats\Downloaded\2018-10-25 ECC-A,Data,ECC_20181023_184104.wac,1798.001333,2018-10-23,18:41:04,18,2018-10-23,06:41:04,6,,,,,,,,,,,,,1,,,,,,sWsvjFEEM1Aod9WYXNXVVA==
E:\Eccles Bats\Downloaded\2018-10-25 ECC-A,Data,ECC_20181023_191104.wac,1798.001333,2018-10-23,19:11:04,19,2018-10-23,07:11:04,7,,,,,,,,,,,,,1,,,,,,tjNQOZPb7D4+VTbFFzWh9w==
E:\Eccles Bats\Downloaded\2018-10-25 ECC-A,Data,ECC_20181023_194104.wac,1798.001333,2018-10-23,19:41:04,19,2018-10-23,07:41:04,7,,,,,,,,,,,,,1,,,,,,U9WTqoLnGuSZGBhYAYe4Tg==
E:\Eccles Bats\Downloaded\2018-10-25 ECC-A,Data,ECC_20181023_201104.wac,1798.001333,2018-10-23,20:11:04,20,2018-10-23,08:11:04,8,,,,,,,,,,,,,1,,,,,,T4bHjl3z8vh2bLf9RKZ6dA==
E:\Eccles Bats\Downloaded\2018-10-25 ECC-A,Data,ECC_20181023_204104.wac,1798.001333,2018-10-23,20:41:04,20,2018-10-23,08:41:04,8,,,,,,,,,,,,,1,,,,,,Mp8nZ8l2TIhB8HPwGpS6Yg==
E:\Eccles Bats\Downloaded\2018-10-25 ECC-A,Data,ECC_20181023_211104.wac,1798.001333,2018-10-23,21:11:04,21,2018-10-23,09:11:04,9,,,,,,,,,,,,,1,,,,,,fNkaxfviBMqRjTHilglN3Q==
E:\Eccles Bats\Downloaded\2018-10-25 ECC-A,Data,ECC_20181023_214104.wac,1798.001333,2018-10-23,21:41:04,21,2018-10-23,09:41:04,9,,,,,,,,,,,,,1,,,,,,JfHOBwZBgGAloTEjMK824w==
E:\Eccles Bats\Downloaded\2018-10-25 ECC-A,Data,ECC_20181023_221104.wac,1798.001333,2018-10-23,22:11:04,22,2018-10-23,10:11:04,10,,,,,,,,,,,,,1,,,,,,hRfnLd5lkawrZVl7VSB0CQ==
E:\Eccles Bats\Downloaded\2018-10-25 ECC-A,Data,ECC_20181023_224104.wac,1798.001333,2018-10-23,22:41:04,22,2018-10-23,10:41:04,10,,,,,,,,,,,,,1,,,,,,PcTfA7tX2+4T5Ym+t80PFA==
E:\Eccles Bats\Downloaded\2018-10-25 ECC-A,Data,ECC_20181023_231104.wac,1798.001333,2018-10-23,23:11:04,23,2018-10-23,11:11:04,11,,,,,,,,,,,,,1,,,,,,kxfscHS4AbPLCF/rgVvNJw==
E:\Eccles Bats\Downloaded\2018-10-25 ECC-A,Data,ECC_20181023_234104.wac,1798.001333,2018-10-23,23:41:04,23,2018-10-23,11:41:04,11,,,,,,,,,,,,,1,,,,,,KzC0vxT3eCAirnGCz+fD+w==
E:\Eccles Bats\Downloaded\2018-10-25 ECC-A,Data,ECC_20181024_001104.wac,1798.001333,2018-10-24,00:11:04,0,2018-10-23,12:11:04,12,,,,,,,,,,,,,1,,,,,,5eWc6kbq83XdW5gzO7kRBw==
E:\Eccles Bats\Downloaded\2018-10-25 ECC-A,Data,ECC_20181024_004104.wac,1798.001333,2018-10-24,00:41:04,0,2018-10-23,12:41:04,12,,,,,,,,,,,,,1,,,,,,nNwnghHSMEHaMBl2VvqQEQ==
E:\Eccles Bats\Downloaded\2018-10-25 ECC-A,Data,ECC_20181024_021104.wac,1798.001333,2018-10-24,02:11:04,2,2018-10-23,14:11:04,14,,,,,,,,,,,,,1,,,,,,y3UB6UntLVHw55F50E4www==
E:\Eccles Bats\Downloaded\2018-10-25 ECC-A,Data,ECC_20181024_011104.wac,1798.001333,2018-10-24,01:11:04,1,2018-10-23,13:11:04,13,,,,,,,,,,,,,1,,,,,,+jUpY8ZKTI4d6XEbwM5R3w==
E:\Eccles Bats\Downloaded\2018-10-25 ECC-A,Data,ECC_20181024_014104.wac,1798.001333,2018-10-24,01:41:04,1,2018-10-23,13:41:04,13,,,,,,,,,,,,,1,,,,,,ZJltxEdJZDnOxUycw50oug==
E:\Eccles Bats\Downloaded\2018-10-25 ECC-A,Data,ECC_20181024_024104.wac,1798.001333,2018-10-24,02:41:04,2,2018-10-23,14:41:04,14,,,,,,,,,,,,,1,,,,,,fVEVJlIAGGXTlBibagtw3g==
E:\Eccles Bats\Downloaded\2018-10-25 ECC-A,Data,ECC_20181024_031104.wac,1798.001333,2018-10-24,03:11:04,3,2018-10-23,15:11:04,15,,,,,,,,,,,,,1,,,,,,KuDGo3CSdUflZoOblYsvnQ==
E:\Eccles Bats\Downloaded\2018-10-25 ECC-A,Data,ECC_20181024_034104.wac,1798.001333,2018-10-24,03:41:04,3,2018-10-23,15:41:04,15,,,,,,,,,,,,,1,,,,,,1mDucq8e4SNJRRS2z99oYA==
E:\Eccles Bats\Downloaded\2018-10-25 ECC-A,Data,ECC_20181024_041104.wac,1798.001333,2018-10-24,04:11:04,4,2018-10-23,16:11:04,16,,,,,,,,,,,,,1,,,,,,v3ebCTp8hV0/vDyeDcYnvw==
E:\Eccles Bats\Downloaded\2018-10-25 ECC-A,Data,ECC_20181024_051104.wac,1798.001333,2018-10-24,05:11:04,5,2018-10-23,17:11:04,17,,,,,,,,,,,,,1,,,,,,A8Erqgs0JuwfD3IElk4J8w==
E:\Eccles Bats\Downloaded\2018-10-25 ECC-A,Data,ECC_20181024_044104.wac,1798.001333,2018-10-24,04:41:04,4,2018-10-23,16:41:04,16,,,,,,,,,,,,,1,,,,,,gRpEb6fc69S2FKhc7Mu/+Q==
E:\Eccles Bats\Downloaded\2018-10-25 ECC-A,Data,ECC_20181024_054104.wac,1798.001333,2018-10-24,05:41:04,5,2018-10-23,17:41:04,17,,,,,,,,,,,,,1,,,,,,K7QsO3szWvEkZHlyOo/xYA==
E:\Eccles Bats\Downloaded\2018-10-25 ECC-A,Data,ECC_20181024_061104.wac,1798.001333,2018-10-24,06:11:04,6,2018-10-23,18:11:04,18,,,,,,,,,,,,,1,,,,,,ZBqL2zITWwF2kAKDbGWI3Q==
E:\Eccles Bats\Downloaded\2018-10-25 ECC-A,Data,ECC_20181024_064104.wac,1498.001333,2018-10-24,06:41:04,6,2018-10-23,18:41:04,18,,,,,,,,,,,,,1,,,,,,noHR01I1d0jEyRIB9P2ewg==
E:\Eccles Bats\Downloaded\2018-10-25 ECC-A,Data,ECC_20181024_163902.wac,1800.001333,2018-10-24,16:39:02,16,2018-10-24,04:39:02,4,,,,,,,,,,,,,1,,,,,,Ax8GZJdh63286JuBYNMP7Q==
E:\Eccles Bats\Downloaded\2018-10-25 ECC-A,Data,ECC_20181024_170904.wac,1798.001333,2018-10-24,17:09:04,17,2018-10-24,05:09:04,5,,,,,,,,,,,,,1,,,,,,O+XJZSc4YNZQ9aURXuCnlA==
E:\Eccles Bats\Downloaded\2018-10-25 ECC-A,Data,ECC_20181024_173904.wac,1798.001333,2018-10-24,17:39:04,17,2018-10-24,05:39:04,5,,,,,,,,,,,,,1,,,,,,yYL1+09x+uBGqn2Z/tPfHA==
E:\Eccles Bats\Downloaded\2018-10-25 ECC-A,Data,ECC_20181024_160900.wac,1800.001333,2018-10-24,16:09:00,16,2018-10-24,04:09:00,4,,,,,,,,,,,,,1,,,,,,QFCp717+R6Lx8Wh8Hg9eGA==
E:\Eccles Bats\Downloaded\2018-10-25 ECC-A,Data,ECC_20181024_180904.wac,1798.001333,2018-10-24,18:09:04,18,2018-10-24,06:09:04,6,,,,,,,,,,,,,1,,,,,,RYzbQTVX5ZIQz0KTc0nHcQ==
E:\Eccles Bats\Downloaded\2018-10-25 ECC-A,Data,ECC_20181024_193904.wac,1798.001333,2018-10-24,19:39:04,19,2018-10-24,07:39:04,7,,,,,,,,,,,,,1,,,,,,SBspyWa04/mtAWBy0Ul5NA==
E:\Eccles Bats\Downloaded\2018-10-25 ECC-A,Data,ECC_20181024_183904.wac,1798.001333,2018-10-24,18:39:04,18,2018-10-24,06:39:04,6,,,,,,,,,,,,,1,,,,,,pFs6LqVz34j6lu21gsGVtA==
E:\Eccles Bats\Downloaded\2018-10-25 ECC-A,Data,ECC_20181024_190904.wac,1798.001333,2018-10-24,19:09:04,19,2018-10-24,07:09:04,7,,,,,,,,,,,,,1,,,,,,M/idz2UtNpPFKTV01GnT6Q==
E:\Eccles Bats\Downloaded\2018-10-25 ECC-A,Data,ECC_20181024_200904.wac,1798.001333,2018-10-24,20:09:04,20,2018-10-24,08:09:04,8,,,,,,,,,,,,,1,,,,,,IAvxVMIdtK8EjousnUvHlg==
E:\Eccles Bats\Downloaded\2018-10-25 ECC-A,Data,ECC_20181024_203904.wac,1798.001333,2018-10-24,20:39:04,20,2018-10-24,08:39:04,8,,,,,,,,,,,,,1,,,,,,li0+KUiM0aHZgfqRdH+81A==
E:\Eccles Bats\Downloaded\2018-10-25 ECC-A,Data,ECC_20181024_210904.wac,1798.001333,2018-10-24,21:09:04,21,2018-10-24,09:09:04,9,,,,,,,,,,,,,1,,,,,,Jd6M1O6eA7GjX3hRFUE8Sw==
E:\Eccles Bats\Downloaded\2018-10-25 ECC-A,Data,ECC_20181024_213904.wac,1798.001333,2018-10-24,21:39:04,21,2018-10-24,09:39:04,9,,,,,,,,,,,,,1,,,,,,b9akhzFn1c5QKpp5iykoOQ==
E:\Eccles Bats\Downloaded\2018-10-25 ECC-A,Data,ECC_20181024_220904.wac,1798.001333,2018-10-24,22:09:04,22,2018-10-24,10:09:04,10,,,,,,,,,,,,,1,,,,,,y35+Q1XlM91Xf/0yPP8UgA==
E:\Eccles Bats\Downloaded\2018-10-25 ECC-A,Data,ECC_20181024_223904.wac,1798.001333,2018-10-24,22:39:04,22,2018-10-24,10:39:04,10,,,,,,,,,,,,,1,,,,,,C1SrUFxzufb/vsPY4gBHdw==
E:\Eccles Bats\Downloaded\2018-10-25 ECC-A,Data,ECC_20181024_230904.wac,1798.001333,2018-10-24,23:09:04,23,2018-10-24,11:09:04,11,,,,,,,,,,,,,1,,,,,,XHFA5O0fMKS/pb8ycUSRVA==
E:\Eccles Bats\Downloaded\2018-10-25 ECC-A,Data,ECC_20181024_233904.wac,1798.001333,2018-10-24,23:39:04,23,2018-10-24,11:39:04,11,,,,,,,,,,,,,1,,,,,,jXjMTwKHhe0j6UnPHpsj3w==
E:\Eccles Bats\Downloaded\2018-10-25 ECC-A,Data,ECC_20181025_000904.wac,1798.001333,2018-10-25,00:09:04,0,2018-10-24,12:09:04,12,,,,,,,,,,,,,1,,,,,,37Ur0RXW4FPSCtXGjhZrOQ==
E:\Eccles Bats\Downloaded\2018-10-25 ECC-A,Data,ECC_20181025_003904.wac,1798.001333,2018-10-25,00:39:04,0,2018-10-24,12:39:04,12,,,,,,,,,,,,,1,,,,,,UXrG6Awmo+G7jZC+NhRr6w==
E:\Eccles Bats\Downloaded\2018-10-25 ECC-A,Data,ECC_20181025_010904.wac,1798.001333,2018-10-25,01:09:04,1,2018-10-24,13:09:04,13,,,,,,,,,,,,,1,,,,,,7qsSgJxe8o6eX7DS6KnEEQ==
E:\Eccles Bats\Downloaded\2018-10-25 ECC-A,Data,ECC_20181025_013904.wac,1798.001333,2018-10-25,01:39:04,1,2018-10-24,13:39:04,13,,,,,,,,,,,,,1,,,,,,VvVCKS8GtOcDjx2mf7+rww==
E:\Eccles Bats\Downloaded\2018-10-25 ECC-A,Data,ECC_20181025_020904.wac,1798.001333,2018-10-25,02:09:04,2,2018-10-24,14:09:04,14,,,,,,,,,,,,,1,,,,,,za3Gd9rrFenud/9PcqqU9g==
E:\Eccles Bats\Downloaded\2018-10-25 ECC-A,Data,ECC_20181025_030904.wac,1798.001333,2018-10-25,03:09:04,3,2018-10-24,15:09:04,15,,,,,,,,,,,,,1,,,,,,Jc/mxID+Hjsfiasm+VjxAw==
E:\Eccles Bats\Downloaded\2018-10-25 ECC-A,Data,ECC_20181025_023904.wac,1798.001333,2018-10-25,02:39:04,2,2018-10-24,14:39:04,14,,,,,,,,,,,,,1,,,,,,/tdE34jLjrrh/uJBq+Gdzg==
E:\Eccles Bats\Downloaded\2018-10-25 ECC-A,Data,ECC_20181025_033904.wac,1798.001333,2018-10-25,03:39:04,3,2018-10-24,15:39:04,15,,,,,,,,,,,,,1,,,,,,1lArUGP0NU3Uk+n2qVIV8A==
E:\Eccles Bats\Downloaded\2018-10-25 ECC-A,Data,ECC_20181025_040904.wac,1798.001333,2018-10-25,04:09:04,4,2018-10-24,16:09:04,16,,,,,,,,,,,,,1,,,,,,0TlC1V0e2tmAV3pXkOIdgw==
E:\Eccles Bats\Downloaded\2018-10-25 ECC-A,Data,ECC_20181025_043904.wac,1798.001333,2018-10-25,04:39:04,4,2018-10-24,16:39:04,16,,,,,,,,,,,,,1,,,,,,ncGt4X22Q4HEfTZm4nNJ3w==
E:\Eccles Bats\Downloaded\2018-10-25 ECC-A,Data,ECC_20181025_050904.wac,1798.001333,2018-10-25,05:09:04,5,2018-10-24,17:09:04,17,,,,,,,,,,,,,1,,,,,,+9CRm8BNAfa1qFkKLL0tbA==
E:\Eccles Bats\Downloaded\2018-10-25 ECC-A,Data,ECC_20181025_053904.wac,1798.001333,2018-10-25,05:39:04,5,2018-10-24,17:39:04,17,,,,,,,,,,,,,1,,,,,,gXgvcjLXYRugPntadUSKag==
E:\Eccles Bats\Downloaded\2018-10-25 ECC-A,Data,ECC_20181025_060904.wac,1798.001333,2018-10-25,06:09:04,6,2018-10-24,18:09:04,18,,,,,,,,,,,,,1,,,,,,McpCjmS6rE8X6pxStO65Sg==
E:\Eccles Bats\Downloaded\2018-10-25 ECC-A,Data,ECC_20181025_063904.wac,1678.001333,2018-10-25,06:39:04,6,2018-10-24,18:39:04,18,,,,,,,,,,,,,1,,,,,,nDk4JPpcHfGxWD6OKoHxOA==
